,TITLE,PRICE,LOCATION,ROOM,AREA
0,ZÜHTÜPAŞA BAĞDAT CAD'NE YAKIN BALKONLU 3+1 SATILIK BOŞ DAİRE,5450000,"Zühtüpaşa, Kadıköy",3+1,120 m²
1,,240000000,"Kozyatağı, Kadıköy",,4172 m²
2,Kozyatağında kurumsal firmalara uygun satılık plaza.,9950000,"Bostancı, Kadıköy",4+1,160 m²
3,Fenerbahçe Sahilde çok ferah 4+2 teraslı dublex daire,20000000,"Fenerbahçe, Kadıköy",4+2,230 m²
4,"BOSTANCI SAHİLDE ÖNÜ KAPANMAZ 160 M2, 4+1 SATILIK DAİRE",13200000,"Suadiye, Kadıköy",4+2,230 m²
5,SUADİYE'DE ALTERNATİFSİZ HARİKA DENİZ VE ŞEHİR MANZARALI DUBLEKS,10300000,"Suadiye, Kadıköy",4+1,165 m²
6,"SUADİYE ŞASKINBAKKAL' da 165 m2, 4+1 SATILIK OFİS",7295000,"Fenerbahçe, Kadıköy",2+1,82 m²
7,Bağdat caddesinde köşe konumlu çok özel plaza,10300000,"Suadiye, Kadıköy",4+1,165 m²
8,"Yalı Parseli & Dalyan Sahil'de Deniz Manzaralı, 5. Kat 2+1 %",290000000,"Fenerbahçe, Kadıköy",,2987 m²
9,"SUADİYE ŞASKINBAKKAL' da 165 m2, 4+1 SATILIK DAİRE",12000000,"19 Mayıs, Kadıköy",1+1,180 m²
10,Suadiye'de bağdat caddesine çok yakın 2+1 yepyeni daire,5975000,"Suadiye, Kadıköy",2+1,95 m²
11,BAĞDAT CADDESİNDE 3 KATLI DÜKKAN & MAĞAZA,13950000,"Zühtüpaşa, Kadıköy",,212 m²
12,"ACIBADEMDE DEPREM SONRASI, 2008 YAPIMI, K. OTOPARKLI 4+1DUBLEKS",3750000,"Caferağa, Kadıköy",2+1,100 m²
13,Bağdat Caddesi'ne yürüme mesafesinde sıfır binada 3+1 satılık,21500000,"Caddebostan, Kadıköy",4+2,300 m²
14,KADIKÖY MERDİVENKÖY'DE SATILIK SIFIR DAİRE,8975000,"Suadiye, Kadıköy",3+1,130 m²
15,CADDEBOSTAN SAHİLDE DİNAMİK'TEN 300m2 DENİZ MANZARALI +TERASLI,7395000,"Erenköy, Kadıköy",3+1,165 m²
16,,6650000,"Göztepe, Kadıköy",3+1,150 m²
17,"Kadıköy Kadife Sokakta, Yüksek Kira Getirili, Satılık 2+1!",4200000,"Koşuyolu, Kadıköy",,125 m²
18,FENERBAHCE YALI PARSELİ LEBİ DERYA MUHTEŞEM 5+2 520 M2,7000000,"Caferağa, Kadıköy",3+1,140 m²
19,Fenerbahçe de muhteşem Deniz Manzaralı içi Komple Yenilenmiş,5250000,"Göztepe, Kadıköy",1+1,117 m²
20,FENERBAHÇE YALI PARSELİ LEBİ DERYA MUHTEŞEM 7+3 SATILIK VİLLA,6280000,"Bostancı, Kadıköy",3+1,190 m²
21,RESİM' DEN ŞUA ELİT CONCEPT 2+1 KAPALI MUTFAK BALKONLU DAİRE,5450000,"Zühtüpaşa, Kadıköy",3+1,120 m²
22,SUADİYEDE SIFIR BİNA BAĞDAT CAD. YÜRÜME MESAFESİNDE 3+1 SATILIK,240000000,"Kozyatağı, Kadıköy",,4172 m²
23,Dinamik'ten Göztepe Turkuaz Park Rezidans'ta Deniz Manzaralı 3+1,9950000,"Bostancı, Kadıköy",4+1,160 m²
24,SUADİYE ŞAŞKINBAKKAL DA SATILIK 3+1 DAİRE 168 M2,20000000,"Fenerbahçe, Kadıköy",4+2,230 m²
25,Acıbadem de tüm ulaşım imkanlarına yakın satılık geniş 3+1,13200000,"Suadiye, Kadıköy",4+2,230 m²
26,SULTAN SOKAKTA GENİŞ 4+1 SATILIKTIR,10300000,"Suadiye, Kadıköy",4+1,165 m²
27,,7295000,"Fenerbahçe, Kadıköy",2+1,82 m²
28,,10300000,"Suadiye, Kadıköy",4+1,165 m²
29,,290000000,"Fenerbahçe, Kadıköy",,2987 m²
30,Optimist'de Güncel Büyük Tip 1+1,12000000,"19 Mayıs, Kadıköy",1+1,180 m²
31,KOZYATAĞININ EN NEZİH BÖLGESİNDE SINIRLI SAYIDA DAİREMİZ KALDI,5975000,"Suadiye, Kadıköy",2+1,95 m²
32,"Kadıköy'de Yatırımlık, İçi Yapılı, Satılık 2+1Daire!",13950000,"Zühtüpaşa, Kadıköy",,212 m²
33,Fikirtepe Torkam Projesinde Deniz Manzaralı,3750000,"Caferağa, Kadıköy",2+1,100 m²
34,Fikirtepe Torkam Rezidans da Satılık 2+1,21500000,"Caddebostan, Kadıköy",4+2,300 m²
35,Fikirtepe Torkam projesinde arakatta,8975000,"Suadiye, Kadıköy",3+1,130 m²
36,KADIKÖY ALTIYOL'DA KURUMSAL KİRACILI SATILIK KOMPLE BİNA,7395000,"Erenköy, Kadıköy",3+1,165 m²
37,,6650000,"Göztepe, Kadıköy",3+1,150 m²
38,MİNİBÜS CADDESİ VE KOZZY AVM YAKINI  4 YILLIK 135M2 BRÜT EBEVYN,4200000,"Koşuyolu, Kadıköy",,125 m²
39,Erenköy'de 4 Yıllık Binada 95 m2 2+1 Mükemmel Satılık Daire,7000000,"Caferağa, Kadıköy",3+1,140 m²
40,KADIKÖY BOSTANCI Caddede Satılık BÜYÜK 4+1 Daire Konuta/İşyerine,5250000,"Göztepe, Kadıköy",1+1,117 m²
41,,6280000,"Bostancı, Kadıköy",3+1,190 m²
42,Serasker Caddesi'nde Tabela Değeri Yüksek Satılık Ofis Katı,5450000,"Zühtüpaşa, Kadıköy",3+1,120 m²
43,Dinamik'ten Caddebostan Sahil'de Sıfır Lüks 4+2 Dublex,240000000,"Kozyatağı, Kadıköy",,4172 m²
44,Suadiye'de 130 m2 3+1 Sıfır Satılık Daire,9950000,"Bostancı, Kadıköy",4+1,160 m²
45,DİNAMİK'TEN ERENKÖY'DE 3+1 165m2 ÇİFT BALKONLU SATILIK DAİRE,20000000,"Fenerbahçe, Kadıköy",4+2,230 m²
46,DİNAMİK'TEN GÖZTEPE'DE 3+1 ŞÖMİNELİ 150m2 ÇİFT BALKONLU SATILIK,13200000,"Suadiye, Kadıköy",4+2,230 m²
47,KOŞUYOLU İBRAHİMAĞA HARİKA LOKASYON EMSALSİZ DÜKKAN,10300000,"Suadiye, Kadıköy",4+1,165 m²
48,Kadıköy Salı Pazarının Dibinde 125 m2 Çok geniş DUBLEXS,7295000,"Fenerbahçe, Kadıköy",2+1,82 m²
49,,10300000,"Suadiye, Kadıköy",4+1,165 m²
50,KOZYATAĞI METROYA ÇOK YAKIN 60 M2 ARSA PAYLI 130 M2 ARAKAT,290000000,"Fenerbahçe, Kadıköy",,2987 m²
51,kadıköy merkezde satılık 5 katlı komple bina,12000000,"19 Mayıs, Kadıköy",1+1,180 m²
52,BAĞDAT CAD. MUHTEŞEM MANZARALI 1+1 EŞYALI SATILIK RESIDENCE,5975000,"Suadiye, Kadıköy",2+1,95 m²
53,,13950000,"Zühtüpaşa, Kadıköy",,212 m²
54,BOSTANCI DEPREM SONRASI 2002 YAPIMI175 M²  3+1 LÜKS DAİRE,3750000,"Caferağa, Kadıköy",2+1,100 m²
55,KADIKÖY BELEDİYESİ KARŞISIN DA 120M2 İŞYERİ,21500000,"Caddebostan, Kadıköy",4+2,300 m²
56,"Erenköy Sevgili Residance'da havuzlu,güvenlikli 137 m2 3+1",8975000,"Suadiye, Kadıköy",3+1,130 m²
57,,7395000,"Erenköy, Kadıköy",3+1,165 m²
58,,6650000,"Göztepe, Kadıköy",3+1,150 m²
59,,4200000,"Koşuyolu, Kadıköy",,125 m²
60,BAĞDAT CADDESİ'NDE MUHTEŞEM MANZARALI 3+1 SATILIK RESIDENCE,7000000,"Caferağa, Kadıköy",3+1,140 m²
61,KOZZY AVM İLE MİNİBÜS CADDESİ  ARASINDA 4. KATTA KOMBİLİ 2+1 DA,5250000,"Göztepe, Kadıköy",1+1,117 m²
62,,6280000,"Bostancı, Kadıköy",3+1,190 m²
63,Kadıköy Rasimpaşa'da Özel Dekorlu Satılık Dükkan,5450000,"Zühtüpaşa, Kadıköy",3+1,120 m²
64,,240000000,"Kozyatağı, Kadıköy",,4172 m²
65,,9950000,"Bostancı, Kadıköy",4+1,160 m²
66,KADIKÖY'DE 300m2 İSKANLI DEPOLU KİRACIL KÖŞE BİNA SATILIK DÜKKAN,20000000,"Fenerbahçe, Kadıköy",4+2,230 m²
67,,13200000,"Suadiye, Kadıköy",4+2,230 m²
68,,10300000,"Suadiye, Kadıköy",4+1,165 m²
69,KW SİNAN'DAN KALAMIŞ SAHİL PARSELİNDE MANZARALI SATILIK DAİRE,7295000,"Fenerbahçe, Kadıköy",2+1,82 m²
70,KADIKÖY YELDEĞİRMENİ'NDE 5 KATLI SATILIK TARİHİ BİNA,10300000,"Suadiye, Kadıköy",4+1,165 m²
71,Feneryolu'nda Deprem Sonrası 3+1 Satılık Daire,290000000,"Fenerbahçe, Kadıköy",,2987 m²
72,Fenerbahçe'de koru manzaralı yenilenmiş 75 m2 2+1 daire,12000000,"19 Mayıs, Kadıköy",1+1,180 m²
73,BAĞDAT CADDESİ PARALELİNDE GENÇ BİNADA 3+1 BAKIMLI DAİRE,5975000,"Suadiye, Kadıköy",2+1,95 m²
74,ŞAŞKINBAKKAL KIZILKAYALAR ARKASI 2+1 KONUT VE İŞYERİNE UYGUN,13950000,"Zühtüpaşa, Kadıköy",,212 m²
75,BOSTANCI KÖPRÜSÜNE CEPHE 11 DAİRE 4 DÜKKANLI KAT KARŞILIĞI BİNA,3750000,"Caferağa, Kadıköy",2+1,100 m²
76,CADDEBOSTAN SAHİLDE YENİ BİTECEK PROJEDE KATTA TEK 200 m 4+1,21500000,"Caddebostan, Kadıköy",4+2,300 m²
77,AYŞEKADIN ÜSTÜNDAĞ REZİDANS'TA HAVUZLU 3+1LÜX DAİRE (EBEVEYNLİ),8975000,"Suadiye, Kadıköy",3+1,130 m²
78,ŞAŞKINBAKKAL BAĞDATA YAKIN KOMPLE YENİLENMİŞ DAİRE 2+1 BALKONLU,7395000,"Erenköy, Kadıköy",3+1,165 m²
79,Çatalçeşme Sahil'de Yeni Bina'da Yenilenmiş 125m2 3+1,6650000,"Göztepe, Kadıköy",3+1,150 m²
80,Hasanpaşa'da 1+1 85m2 merkezi konumda Satılık Daire,4200000,"Koşuyolu, Kadıköy",,125 m²
81,,7000000,"Caferağa, Kadıköy",3+1,140 m²
82,SATILIK GÖZTEPE DENİZCİLER RECİDENCE 3+1,5250000,"Göztepe, Kadıköy",1+1,117 m²
83,FENERBAHÇE 3+1 HAVUZLU MERKEZİ KONUMDA SIFIR FIRSAT DAİRE,6280000,"Bostancı, Kadıköy",3+1,190 m²
84,FENERBAHÇE 3+1 HAVUZLU SIFIR FIRSAT DAİRE,5450000,"Zühtüpaşa, Kadıköy",3+1,120 m²
85,ŞENESENEVLER MAHALLESİNDE SATILIK DÜKKAN,240000000,"Kozyatağı, Kadıköy",,4172 m²
86,,9950000,"Bostancı, Kadıköy",4+1,160 m²
87,KOŞUYOLU MERKEZDE HER İŞ KOLUNA UYGUN MÜSTAKİL SATILIK,20000000,"Fenerbahçe, Kadıköy",4+2,230 m²
88,Ziverbey Minibüs Yoluna Cephe 4+2 230 m2 geniş daire,13200000,"Suadiye, Kadıköy",4+2,230 m²
89,Caddebostan M.Reşitbelgesay sokak arsa payı yüksek şömineli 4+1,10300000,"Suadiye, Kadıköy",4+1,165 m²
90,SAHRAYICEDİT HİLTON ARKASINDA SATILIK FIRSAT 3+1 DAİRE,7295000,"Fenerbahçe, Kadıköy",2+1,82 m²
91,BOSTANCI ŞENESENEVLER'DE MİNİBÜSE ve METROYA YAKIN 2+1YENİ DAİRE,10300000,"Suadiye, Kadıköy",4+1,165 m²
92,,290000000,"Fenerbahçe, Kadıköy",,2987 m²
93,NAUTILUS AVM KARŞISI GİRİŞKAT İÇERİSİ YAPILI 2+1 95m² DAİRE,12000000,"19 Mayıs, Kadıköy",1+1,180 m²
94,ACIBADEM SİTESİNDE 6+1 DUBLEX DAİRE,5975000,"Suadiye, Kadıköy",2+1,95 m²
95,CENTURY 21.SAHRA'DAN MİN.CADDESİ ÜZERİNDE İÇİ YAPILI 3+1,13950000,"Zühtüpaşa, Kadıköy",,212 m²
96,CENTURY 21.SAHRA'DAN E5 İLE MİNİBÜS ARASINDA İÇİ YAPIL 3+1 130M2,3750000,"Caferağa, Kadıköy",2+1,100 m²
97,MERDİVENKÖY DE SATILIK ARA KAT DAİRE!!,21500000,"Caddebostan, Kadıköy",4+2,300 m²
98,CENTURY 21.SAHRA'DAN ŞENESENEVLER'DE İÇİ YAPILI 3+1,8975000,"Suadiye, Kadıköy",3+1,130 m²
99,ALKAYA-KIZILTOPRAKTA SATILIK 2. DERECE TARİHİ ESER MÜSTAKİL EV,7395000,"Erenköy, Kadıköy",3+1,165 m²
100,KADIKÖY'DE SATILIK 2+1 DAİRE,6650000,"Göztepe, Kadıköy",3+1,150 m²
101,RESİM' DE NUHOĞLU KADIKÖY YENİTEPE 1+1 AKASYA MANZARALI DAİRE,4200000,"Koşuyolu, Kadıköy",,125 m²
102,KALAMIŞ MARİNAYA ÇOK YAKIN 3+1 SIFIR KAPALI OTOPARKLI,7000000,"Caferağa, Kadıköy",3+1,140 m²
103,ERENKÖY MİNİBÜS YOLUNA ÇOK YAKIN SATILIK 2+1 DAİRE,5250000,"Göztepe, Kadıköy",1+1,117 m²
104,KDV AVANTAJLI KOZYATAĞI ELİT SİTEDE HAVUZLU KATTA 5+1 GÜVENLİKLİ,6280000,"Bostancı, Kadıköy",3+1,190 m²
105,Suadiye Bağdat Caddesinde Deniz Manzaralı Satılık Daire,5450000,"Zühtüpaşa, Kadıköy",3+1,120 m²
106,GÖZTEPE ÖZGÜRLÜK PARKINA YAKIN KİRACILI 3+1 KOMBİLİ DAİRE.,240000000,"Kozyatağı, Kadıköy",,4172 m²
107,GÖZTEPE 1071KADIKÖY RESİDENCE DE 3+1 7/24 GÜVENLİKLİ HAVUZLU,9950000,"Bostancı, Kadıköy",4+1,160 m²
108,Ziverbey Minibüs Yoluna Cephe 230 m2 Geniş Ofis Katı,20000000,"Fenerbahçe, Kadıköy",4+2,230 m²
109,KADIKÖY ALTIYOL KUŞDİLİ CADDESİ ÜZERİNDE 500 M2 KOMPLE BİNA,13200000,"Suadiye, Kadıköy",4+2,230 m²
110,GÖZTEPE ÖZGÜRLÜK PARKINA ÇOK YAKIN SATILIK 3+1 DAİRE,10300000,"Suadiye, Kadıköy",4+1,165 m²
111,ANA CADDE ÜZERİNDE 260 M2 DÜKKAN,7295000,"Fenerbahçe, Kadıköy",2+1,82 m²
112,KADIKÖY SÖĞÜTLÜ ÇEŞME CADDESİNE PARALEL 90 M2 DÜKKAN,10300000,"Suadiye, Kadıköy",4+1,165 m²
113,KADIKÖY ÇARŞISININ HAREKETLİ YERİNDE KİRACILI 1000M2 KOMPLE BİNA,290000000,"Fenerbahçe, Kadıköy",,2987 m²
114,SAHRAYI CEDİT BAYAR CADDESİ ÜZERİNDE 100 M2 DÜKKAN,12000000,"19 Mayıs, Kadıköy",1+1,180 m²
115,ERENKÖY BAĞDAT CADDESİ ÜZERİNDE 40 M2 MAĞAZA,5975000,"Suadiye, Kadıköy",2+1,95 m²
116,KIZILTOPRAK BAĞDAT CADDESİ ÜZERİNDE 90 M2 OFİS,13950000,"Zühtüpaşa, Kadıköy",,212 m²
117,KADIKÖY ÇARŞISININ HAREKETLİ YERİNDE 110 M2 DÜKKAN,3750000,"Caferağa, Kadıköy",2+1,100 m²
118,KADIKÖY ÇARŞISININ HAREKETLİ YERİNDE 120 M2 DÜKKAN,21500000,"Caddebostan, Kadıköy",4+2,300 m²
119,ERENKÖY BAĞDAT CADDESİ ÜZERİNDE KİRACILI 60 M2 MAĞAZA,8975000,"Suadiye, Kadıköy",3+1,130 m²
120,ANA CADDE ÜZERİNDE BANKA KİRACILI 300 M2 DÜKKAN,7395000,"Erenköy, Kadıköy",3+1,165 m²
121,CADDEBOSTAN BAĞDAT CADDESİ ÜZERİNDE 30 M2 DÜKKAN,6650000,"Göztepe, Kadıköy",3+1,150 m²
122,CADDEBOSTAN ÖMER PAŞA CADDESİ ÜZERİNDE 30 M2 DÜKKAN,4200000,"Koşuyolu, Kadıköy",,125 m²
123,BOSTANCI EMİN ALİ PAŞA CADDESİ ÜZERİNDE KİRACILI 135 M2 DÜKKAN,7000000,"Caferağa, Kadıköy",3+1,140 m²
124,BOSTANCI ALİ NİHAT TARLAN CADDESİ ÜZERİNDE KİRACILI 300M2 DÜKKAN,5250000,"Göztepe, Kadıköy",1+1,117 m²
125,BOSTANCI SAHİLİNDE KESİNTİSİZ LEBİDERYA MANZARALI 330 M2 DAİRE,6280000,"Bostancı, Kadıköy",3+1,190 m²
126,ANA CADDE ÜZERİNDE 240 M2 DÜKKAN,5450000,"Zühtüpaşa, Kadıköy",3+1,120 m²
127,KADIKÖY ÇARŞISININ HAREKETLİ YERİNDE 110 M2 DÜKKAN,240000000,"Kozyatağı, Kadıköy",,4172 m²
128,CADDEBOSTAN BAĞDAT CADDESİNE İKİNCİ BİNADA 90 M2 DÜKKAN,9950000,"Bostancı, Kadıköy",4+1,160 m²
129,ŞAŞKINBAKKAL SAHİLDE DENİZ KENARI 170 M2 DAİRE,20000000,"Fenerbahçe, Kadıköy",4+2,230 m²
130,OPERATÖR CEMİL TOPUZLU CADDESİ ÜZERİNDE KİRACILI 200 M2 MAĞAZA,13200000,"Suadiye, Kadıköy",4+2,230 m²
131,KADIKÖY SAKIZGÜLÜ SOKAKTA KİRACILI 36 M2 DÜKKAN,10300000,"Suadiye, Kadıköy",4+1,165 m²
132,KADIKÖY HALİTAĞA CADDESİ ÜZERİNDE 40 M2 DÜKKAN,7295000,"Fenerbahçe, Kadıköy",2+1,82 m²
133,CADDEBOSTAN CEMİL TOPUZLU CADDESİ ÜZERİNDE KİRACILI 300M2 MAĞAZA,10300000,"Suadiye, Kadıköy",4+1,165 m²
134,ŞAŞKIN BAKKAL SAHİLDE KATTA TEK SIFIR NET 94 m2 SATILIK 2+1!!,290000000,"Fenerbahçe, Kadıköy",,2987 m²
135,"SUADİYE KAZIM ÖZALP SOKAKTA, SAHİLE 100 METRE SATILIK 3+1 ARAKAT",12000000,"19 Mayıs, Kadıköy",1+1,180 m²
136,,5975000,"Suadiye, Kadıköy",2+1,95 m²
137,,13950000,"Zühtüpaşa, Kadıköy",,212 m²
138,,3750000,"Caferağa, Kadıköy",2+1,100 m²
139,ALKAYA- SUADİYE ŞAŞKINDA SATILIK 105M² NET 3+1 BALKONLU DAİRE,21500000,"Caddebostan, Kadıköy",4+2,300 m²
140,FOUR WINDS DAİRELERİ SİZİNLE - KADIKÖY - CADDEBOSTAN - MUHTEŞEM,8975000,"Suadiye, Kadıköy",3+1,130 m²
141,ERENKÖY İSTASYON CAD.SATILIK 3+1 98 M2 NET LÜKS DAİRELER,7395000,"Erenköy, Kadıköy",3+1,165 m²
142,,6650000,"Göztepe, Kadıköy",3+1,150 m²
143,MERDİVENKÖY DE SATILIK ARA KAT DAİRE!!,4200000,"Koşuyolu, Kadıköy",,125 m²
144,Caddebostan Plaj yolu sahilde kaçırılmayacak fırsat Daire,7000000,"Caferağa, Kadıköy",3+1,140 m²
145,KADIKÖY ÇARŞI İÇİNDE OFİS KATI,5250000,"Göztepe, Kadıköy",1+1,117 m²
146,İst. Kozyatağı Ana Arter'de YATIRIMCI' ya SATILIK KUPON BİNA,6280000,"Bostancı, Kadıköy",3+1,190 m²
147,KADIKÖY'DE SATILIK KOMPLE BİNA,5450000,"Zühtüpaşa, Kadıköy",3+1,120 m²
148,YATIRIMLIK KOMPLE SATILIK BİNA,240000000,"Kozyatağı, Kadıköy",,4172 m²
149,ACIBADEM İŞBANKASI BLOKLARINDA cad.üzeri 1+1 79m²ŞAHANE KONUM,9950000,"Bostancı, Kadıköy",4+1,160 m²
150,GÖZTEPE PARK APARTMANINDA 180 M2 SATILIK DAİRE P100852,20000000,"Fenerbahçe, Kadıköy",4+2,230 m²
151,,13200000,"Suadiye, Kadıköy",4+2,230 m²
152,ANA CADDE ÜZERİNDE BANKA KİRACILI 300 M2 DÜKKAN,10300000,"Suadiye, Kadıköy",4+1,165 m²
153,BAĞDAT CADDESİ ÜZERİNDE KİRACILI 117 M2 DÜKKAN,7295000,"Fenerbahçe, Kadıköy",2+1,82 m²
154,KADIKÖY ÇARŞISININ HAREKETLİ YERİNDE KİRACILI 135 M2 DÜKKAN,10300000,"Suadiye, Kadıköy",4+1,165 m²
155,KADIKÖY BAHARİYE CADDESİ GİRİŞİNDE 40 M2 DÜKKAN,290000000,"Fenerbahçe, Kadıköy",,2987 m²
156,ŞAŞKINBAKKAL BAĞDAT CADDESİNDE 48 M2 MAĞAZA,12000000,"19 Mayıs, Kadıköy",1+1,180 m²
157,ANA CADDE ÜZERİNDE 300 M2 DÜKKAN,5975000,"Suadiye, Kadıköy",2+1,95 m²
158,CADDEBOSTAN BAĞDAT CADDESİ ÜZERİNDE 60 M2 DÜKKAN,13950000,"Zühtüpaşa, Kadıköy",,212 m²
159,ANA CADDE ÜZERİNDE KİRACILI 145 M2 DÜKKAN,3750000,"Caferağa, Kadıköy",2+1,100 m²
160,,21500000,"Caddebostan, Kadıköy",4+2,300 m²
161,,8975000,"Suadiye, Kadıköy",3+1,130 m²
162,,7395000,"Erenköy, Kadıköy",3+1,165 m²
163,ACIBADEM CAD.1.PARALEL 2.BİNA TUR SK 2+185m²ARAKAT GÜNEY DAİRE,6650000,"Göztepe, Kadıköy",3+1,150 m²
164,AKAY DAN ACIBADEM CAD.100mMESAFEDE YAPILI 2+1 75m²Y.GİRİŞ DAİRE,4200000,"Koşuyolu, Kadıköy",,125 m²
165,KADIKÖY ÇARŞI İÇİNDE OFİS KATI,7000000,"Caferağa, Kadıköy",3+1,140 m²
166,ELYSİUM ELİT KOŞUYOLU'NDA 1+1 SÜPER LÜKS SATILIK RESİDENCE,5250000,"Göztepe, Kadıköy",1+1,117 m²
167,Kadıköy'ün Merkezinde Satılık Büro,6280000,"Bostancı, Kadıköy",3+1,190 m²
168,KDV AVANTAJLI KOZYATAĞI ELİT SİTEDE HAVUZLU KATTA 5+1 GÜVENLİKLİ,5450000,"Zühtüpaşa, Kadıköy",3+1,120 m²
169,Hasanpaşa'da Kadıköy Merkeze Yakın 2+1 Satılık Daire,240000000,"Kozyatağı, Kadıköy",,4172 m²
170,Feneryolu Kamelya Marmaray İstasyonuna Yakın Balkonlu Yenilenmiş,9950000,"Bostancı, Kadıköy",4+1,160 m²
171,Kızıltoprakta Katta Tek 4+1 Kobili Daire,20000000,"Fenerbahçe, Kadıköy",4+2,230 m²
172,Caddebostan Sahil Göztepe Parkına Plaj Yoluna Yakın 3+1,13200000,"Suadiye, Kadıköy",4+2,230 m²
173,Fenerbahçe Ordu Evine 4. Bina Balkonlu Prestijli Bina,10300000,"Suadiye, Kadıköy",4+1,165 m²
174,Feneryolu Kombili Balkonlu 3+1 Satılık Daire,7295000,"Fenerbahçe, Kadıköy",2+1,82 m²
175,Kadiköy Bağdad Caddesin'de1+1 Lüks daire فروشی لاکچری جاده بغداد,10300000,"Suadiye, Kadıköy",4+1,165 m²
176,ACIBADEM DÖRTYOLDA MARMARAYIN YANINDA 2+1 85m²GİRİŞKAT DAİRE,290000000,"Fenerbahçe, Kadıköy",,2987 m²
177,ACIBADEM CAD.1.PARALEL 2.BİNA TUR SK 2+185m²ARAKAT GÜNEY DAİRE,12000000,"19 Mayıs, Kadıköy",1+1,180 m²
178,,5975000,"Suadiye, Kadıköy",2+1,95 m²
179,Kadıköy Söğütlüçeşme Yakın Katta Tek İş Hanında Ofis,13950000,"Zühtüpaşa, Kadıköy",,212 m²
180,SATILIK HASTANE,3750000,"Caferağa, Kadıköy",2+1,100 m²
181,,21500000,"Caddebostan, Kadıköy",4+2,300 m²
182,,8975000,"Suadiye, Kadıköy",3+1,130 m²
183,Bağdat Caddesi'ne yürüme mesafesinde sıfır binada 3+1 satılık,7395000,"Erenköy, Kadıköy",3+1,165 m²
184,"Fenerbahçe Dalyan, Deniz Manzaralı,180 m2, 3+1",6650000,"Göztepe, Kadıköy",3+1,150 m²
185,CADDEBOSTAN SAHİL'DE DUBLEX DENİZ MANZARALI CENTURY 21 SAHRA'DAN,4200000,"Koşuyolu, Kadıköy",,125 m²
186,CENTURY 21.SAHRA'DAN BAĞDAT'A ÇOK YAKIN HAVUZLU 4+1 İÇİ YAPILI,7000000,"Caferağa, Kadıköy",3+1,140 m²
187,"KOZYATAĞI İÇİ FULL YENİLENMİŞ FERAH,AYDINLIK SATILIK DAİRE",5250000,"Göztepe, Kadıköy",1+1,117 m²
188,CENTURY 21.SAHRA'DAN MİMARİ TASARIMLI 4+1 160M2 NET SÜPER LÜKS,6280000,"Bostancı, Kadıköy",3+1,190 m²
189,CENTURY 21. SAHRA'DAN BAĞDAT'A YÜRÜME MESAFESİNDE 3+1 İÇİ YAPILI,5450000,"Zühtüpaşa, Kadıköy",3+1,120 m²
190,CENTURY 21.SAHRA'DAN BAĞDAT'A ÇOK YAKIN YENİ BİNADA 4+2 DUBLEKS,240000000,"Kozyatağı, Kadıköy",,4172 m²
191,CENTURY 21.SAHRA'DAN BAYAR CAD. YAKIN 2005 YAPIMI İÇİ YAPILI 3+1,9950000,"Bostancı, Kadıköy",4+1,160 m²
192,CENTURY 21.SAHRA'DAN MARMARAYA YAKIN KATTA TEK 4+1 İÇİ YAPILI,20000000,"Fenerbahçe, Kadıköy",4+2,230 m²
193,NURSEL ONAR'dan ACIBADEM İNTA9 SİT. 3+1 SATILIK DAİRE,13200000,"Suadiye, Kadıköy",4+2,230 m²
194,"KADIKÖY, MODA CADDESİ ÜZERİNDE 160 M2 NET 3 + 1 SATILIK DAİRE",10300000,"Suadiye, Kadıköy",4+1,165 m²
195,"Kozyatağı, Bayar Caddesinde, Satılık 2 + 1 Daire",7295000,"Fenerbahçe, Kadıköy",2+1,82 m²
196,Mutlu Aydın'dan Kadıköy Moda'ya çok yakın Lüks 3+1,10300000,"Suadiye, Kadıköy",4+1,165 m²
197,TEK YETKİLİDEN!! DÖRTYOLDA 7YILLIK ARAKAT 2+1 85m²ŞAHANE DAİRE,290000000,"Fenerbahçe, Kadıköy",,2987 m²
198,NAUTILUS AVM KARŞISI GİRİŞKAT İÇERİSİ YAPILI 2+1 95m² DAİRE,12000000,"19 Mayıs, Kadıköy",1+1,180 m²
199,ACIBADEM METROSUNA 200m² MESAFEDE OTOPARKLI 4+2 140m²DUBLEXDAİRE,5975000,"Suadiye, Kadıköy",2+1,95 m²
200,ACIBADEM CAD.3.BİNA PAZAR SOKAĞI 2+1 100m²ŞAHANE KONUMLU DAİRE,13950000,"Zühtüpaşa, Kadıköy",,212 m²
201,ACIBADEM CAD.ÜZERİ ŞAHANE KONUM 4+2 270m² DUBLEX DAİRE,3750000,"Caferağa, Kadıköy",2+1,100 m²
202,,21500000,"Caddebostan, Kadıköy",4+2,300 m²
203,KADIKÖY HALİTAĞA CADDESİ'NDE SATILIK BAHÇELİ MÜSTAKİL BİNA,8975000,"Suadiye, Kadıköy",3+1,130 m²
204,"Acıbadem' de Satılık 2+1, 95 m2",7395000,"Erenköy, Kadıköy",3+1,165 m²
205,KOZYATAĞINDA MERKEZİ KONUMDA SATILIK 1+1 OFİS/İŞYERİ,6650000,"Göztepe, Kadıköy",3+1,150 m²
206,KOZYATAĞINDA OFİS BÜRO İÇİN TARİFİ KOLAY ÇOK İYİ KONUM 3+1 DAİRE,4200000,"Koşuyolu, Kadıköy",,125 m²
207,CENTURY 21.SAHRA'DAN MARK&SPENCER'A ÇOK YAKIN 2+1 YAPILI,7000000,"Caferağa, Kadıköy",3+1,140 m²
208,Fenerbahçe Kalamış Marina ve Doğa Manzaralı Balkonlu 4+1,5250000,"Göztepe, Kadıköy",1+1,117 m²
209,SUADİYE BAĞDAT CADDESİ ÜZERİNDE 130M2 3+1 2.KAT BALKONLU DAİRE,6280000,"Bostancı, Kadıköy",3+1,190 m²
210,,5450000,"Zühtüpaşa, Kadıköy",3+1,120 m²
211,BAĞDAT CAD.ÜSTÜ 150m2 KAPALI BALKONLU KİRACILI 2.KAT SATILIK 3+1,240000000,"Kozyatağı, Kadıköy",,4172 m²
212,,9950000,"Bostancı, Kadıköy",4+1,160 m²
213,BAĞDAT CADDESİ BEYMEN KARŞISI İSKANLI 2.KAT 150m2 SATILIK 3+1,20000000,"Fenerbahçe, Kadıköy",4+2,230 m²
214,BAHARİYE CADDESİ YENİLENMİŞ FERAH ARA KAT SATILIK DAİRE,13200000,"Suadiye, Kadıköy",4+2,230 m²
215,,10300000,"Suadiye, Kadıköy",4+1,165 m²
216,,7295000,"Fenerbahçe, Kadıköy",2+1,82 m²
217,CENTURY 21.SAHRA'DAN SIFIR BİNADA 2+1 BALKONLU MİN. ÇOK YAKIN,10300000,"Suadiye, Kadıköy",4+1,165 m²
218,,290000000,"Fenerbahçe, Kadıköy",,2987 m²
219,,12000000,"19 Mayıs, Kadıköy",1+1,180 m²
220,Kadıköy Göztepe'de Satılık Daire,5975000,"Suadiye, Kadıköy",2+1,95 m²
221,BOSTANCI GÖSTERİ MERKEZİ LUNAPARK SATILIK 3+1 PROJEDEN SATILIK,13950000,"Zühtüpaşa, Kadıköy",,212 m²
222,"CADDEBOSTAN , BAĞDAT CADDESİNE YAKIN YENİ BİNA FIRSAT DUBLEKS",3750000,"Caferağa, Kadıköy",2+1,100 m²
223,,21500000,"Caddebostan, Kadıköy",4+2,300 m²
224,,8975000,"Suadiye, Kadıköy",3+1,130 m²
225,GÖZTEPE TÜTÜNCÜ MEHMET EFENDİ CADDESİ ÜZERİNDE 45 M2 DÜKKAN,7395000,"Erenköy, Kadıköy",3+1,165 m²
226,MERKEZİ KONUMDA KİRACILI 200 M2 DÜKKAN,6650000,"Göztepe, Kadıköy",3+1,150 m²
227,KUYUBAŞI FAHRETTİN KERİM GÖKAY CADDESİ ÜZERİNDE 80 M2 DÜKKAN,4200000,"Koşuyolu, Kadıköy",,125 m²
228,MERKEZİ KONUMDA 320 M2 DÜKKAN,7000000,"Caferağa, Kadıköy",3+1,140 m²
229,KADIKÖY ÇARŞISININ HAREKETLİ YERİNDE KİRACILI 110 M2 DÜKKAN,5250000,"Göztepe, Kadıköy",1+1,117 m²
230,KADIKÖY SÖĞÜTLÜ ÇEŞME CADDESİNE PARALEL 180 M2 DÜKKAN,6280000,"Bostancı, Kadıköy",3+1,190 m²
231,CADDEBOSTAN ÖMER PAŞA CADDESİ ÜZERİNDE 90 M2 DÜKKAN,5450000,"Zühtüpaşa, Kadıköy",3+1,120 m²
232,KADIKÖY SÖĞÜTLÜ ÇEŞME CADDESİNE İKİNCİ BİNADA 200 M2 DÜKKAN,240000000,"Kozyatağı, Kadıköy",,4172 m²
233,KADIKÖY ÇARŞISININ HAREKETLİ YERİNDE 25 M2 DÜKKAN,9950000,"Bostancı, Kadıköy",4+1,160 m²
234,MODADA SAHİLE 5 DK MESAFEDE ŞAHNE KONUMDA 2+1 90² DAİRE,20000000,"Fenerbahçe, Kadıköy",4+2,230 m²
235,REMAX OPTİMA'DAN VATANDAŞLIĞA UYGUN 4+1 190m2 MUHTEŞEM MANZARA..,13200000,"Suadiye, Kadıköy",4+2,230 m²
236,İSTANBULDA SATILIK OTEL 1/3 HİSSE,10300000,"Suadiye, Kadıköy",4+1,165 m²
237,,7295000,"Fenerbahçe, Kadıköy",2+1,82 m²
238,HASANPAŞA DA 2+1 SATILIK FIRSAT DAİRE,10300000,"Suadiye, Kadıköy",4+1,165 m²
239,MODA EMİN ONAT SOKAKTA EŞSİZ KONUMDA 3+1 140 M2 DAİRE,290000000,"Fenerbahçe, Kadıköy",,2987 m²
240,KADIKÖY ALTIYOL'DA SATILIK 260m2 OFİS & BÜRO,12000000,"19 Mayıs, Kadıköy",1+1,180 m²
241,Fenerbahçe Sahil Caddesi Balkonlu Deniz ve Doğa Manzaralı,5975000,"Suadiye, Kadıköy",2+1,95 m²
242,,13950000,"Zühtüpaşa, Kadıköy",,212 m²
243,Resim'den 2+1 Optimist Residence 60 m2 Teraslı Deniz Manzaralı,3750000,"Caferağa, Kadıköy",2+1,100 m²
244,FENERBAHÇE BÖLGESİ'NİN EMSALSİZ SECKİN SİTESİ LEBİ DERYA,21500000,"Caddebostan, Kadıköy",4+2,300 m²
245,Hasanpaşa'da Muhteşem Konumda Satılık Dubleks Daire,8975000,"Suadiye, Kadıköy",3+1,130 m²
246,RESİM'DEN KADIKÖY RASİPAŞA DA 4+1 ÇATI DUBLEKS DAİRE,7395000,"Erenköy, Kadıköy",3+1,165 m²
247,RESİM 'den ACIBADEM SAKİNLERDE 3+1 YENİ BİNADA BOŞ DAİRE 125 m2,6650000,"Göztepe, Kadıköy",3+1,150 m²
248,FENERBAHÇE DALYAN DA LEBİ DERYA 350 M2 5+1 ARA KAT,4200000,"Koşuyolu, Kadıköy",,125 m²
249,Fikirtepe Nuhoğlu Yeditepe'de 2+1 Satılık Residance,7000000,"Caferağa, Kadıköy",3+1,140 m²
250,"Anadolu Yakası , Ana Arter'de YATIRIMCILARA 2100 M2 KOMPLE BİNA",5250000,"Göztepe, Kadıköy",1+1,117 m²
251,للبيع  شقة TURKEY İSTANBUL EXELLENCE,6280000,"Bostancı, Kadıköy",3+1,190 m²
252,للبيع  شقة TURKEY İSTANBUL EXELLENCE,5450000,"Zühtüpaşa, Kadıköy",3+1,120 m²
253,Suadiye Sahilde Deprem Raporlu ve Güvenlikli Binada 4+1 Daire,240000000,"Kozyatağı, Kadıköy",,4172 m²
254,,9950000,"Bostancı, Kadıköy",4+1,160 m²
255,Kadıköy Osmanağa Yoğurtcu Kavşağı Satılık 2+1 Ara Kat Daire,20000000,"Fenerbahçe, Kadıköy",4+2,230 m²
256,SATILIK ARAKAT DAİRE  ACIBADEM CADDESİ NE YAKIN  3+1  AÇIK OTOPA,13200000,"Suadiye, Kadıköy",4+2,230 m²
257,Kadıköy' de Satılık Turistik Otel,10300000,"Suadiye, Kadıköy",4+1,165 m²
258,Fenerbahçe Ayanoğlu ve Bağdat Caddesi Yakın Balkonlu Sıfır 3+1,7295000,"Fenerbahçe, Kadıköy",2+1,82 m²
259,ÜÇEL SAHRAYI CEDİT MİNİBÜS YOLU YAKIN GENİŞ M2'Lİ BALKONLU 1+1!!,10300000,"Suadiye, Kadıköy",4+1,165 m²
260,CİTY'DEN FENERYOLUNDA ÖZGÜRLÜK PARKINA ADIM MESAFEDE BALKONLU,290000000,"Fenerbahçe, Kadıköy",,2987 m²
261,"RED PARTNERS, ÖNÜ KAPANMAZ DENİZ MANZARALI YATIRIMLIK 3+1",12000000,"19 Mayıs, Kadıköy",1+1,180 m²
262,"Acıbadem E-5 üzeri ,merkezi konumda , 2+1 daire",5975000,"Suadiye, Kadıköy",2+1,95 m²
263,MODA YOĞURTÇU PARKI CADDESİ ÜZERİNDE YATIRIMLIK DÜKKAN-MAĞAZA,13950000,"Zühtüpaşa, Kadıköy",,212 m²
264,"ACIBADEM ERDEM SİTESİNDE, ÖN CEPHEDE, 120 m2 SATILIK ÜST KAT",3750000,"Caferağa, Kadıköy",2+1,100 m²
265,"ACIBADEM'DE 4 YILLIK SİTE İÇERSİNDE, K. HAVUZLU, GÜVENLİKLİ 2+1",21500000,"Caddebostan, Kadıköy",4+2,300 m²
266,,8975000,"Suadiye, Kadıköy",3+1,130 m²
267,Selamiçeşme Bağdat Caddesi 3. Bina Özgürlük Parkına Yakın 4+1,7395000,"Erenköy, Kadıköy",3+1,165 m²
268,"ACIBADEM MERKEZDE, KİRACILI, YATIRIMLIK 3+1 ARA KAT DAİRE",6650000,"Göztepe, Kadıköy",3+1,150 m²
269,DİNAMİK'TEN 220M2 DUBLEKS VATANDAŞLIGA UYGUN 40M2 SALONLU,4200000,"Koşuyolu, Kadıköy",,125 m²
270,,7000000,"Caferağa, Kadıköy",3+1,140 m²
271,,5250000,"Göztepe, Kadıköy",1+1,117 m²
272,CİTYDEN..CADDEBOSTANDA DEPREM SONRASI GENÇ BİNADA  230M2 5+1,6280000,"Bostancı, Kadıköy",3+1,190 m²
273,"ERENKÖY ÇOBAN YILDIZI SK. OTOPARKLI, TERASLI 4+1 DUBLEKS DAİRE",5450000,"Zühtüpaşa, Kadıköy",3+1,120 m²
274,Fenerbahçe Deniz Manzaralı Güvenlik Kahve Dünyası Süt İş,240000000,"Kozyatağı, Kadıköy",,4172 m²
275,BAHARŞYE CAD SÜREYA OPERASI KARŞISINDA 3+1 120 M2 NET İŞYERİ,9950000,"Bostancı, Kadıköy",4+1,160 m²
276,,20000000,"Fenerbahçe, Kadıköy",4+2,230 m²
277,ENERJİ C.BOSTAN BAĞDATA 2. BİNADA SIFIR 180M2 GÜVENLİKLİ,13200000,"Suadiye, Kadıköy",4+2,230 m²
278,CİTYDEN..FENERYOLU ÖZGÜRLÜK PARKINA YAKIN 140M2 3+1 YENİ,10300000,"Suadiye, Kadıköy",4+1,165 m²
279,ERENKÖY MAHALLESİNDE 3+1 SATILIK DAİRE 104M2,7295000,"Fenerbahçe, Kadıköy",2+1,82 m²
280,BOSTANCI MERKEZDE SATILIK DÜKKAN,10300000,"Suadiye, Kadıköy",4+1,165 m²
281,KOZZY AVM ÇOK YAKIN 4+1 130 M2 İSKANLI ARAKAT,290000000,"Fenerbahçe, Kadıköy",,2987 m²
282,BAĞDAT CADDESİ FENER YOLU MAHALLESİNDE SATILIK 2+1 DAİRE,12000000,"19 Mayıs, Kadıköy",1+1,180 m²
283,BAĞDAT CADDESİ FENER YOLU MAHALLESİNDE SATILIK 2+1 DAİRE,5975000,"Suadiye, Kadıköy",2+1,95 m²
284,ACIBADEM CADDESİ AKILLI EV SİSTEMİ TERASLI 4+1 DUBLEKS DAİRE,13950000,"Zühtüpaşa, Kadıköy",,212 m²
285,ACIBADEMDE BAHÇE KULLANIMLI AKILLI EV SİSTEMİ 4+1 DUBLEKS DAİRE,3750000,"Caferağa, Kadıköy",2+1,100 m²
286,,21500000,"Caddebostan, Kadıköy",4+2,300 m²
287,KOZYATAĞI E-5 YAKIN SATILIK KOMPLE PLAZA!!,8975000,"Suadiye, Kadıköy",3+1,130 m²
288,DİNAMİK'TEN FENERYOLU MİNİBÜS CADDESİNDE ÖN CEPHE 110M2 NET 3+1,7395000,"Erenköy, Kadıköy",3+1,165 m²
289,KALAMIŞ'TA PANORAMİK DENIZ MANZARALI TERASLI DUBLEKS,6650000,"Göztepe, Kadıköy",3+1,150 m²
290,,4200000,"Koşuyolu, Kadıköy",,125 m²
291,,7000000,"Caferağa, Kadıköy",3+1,140 m²
292,,5250000,"Göztepe, Kadıköy",1+1,117 m²
293,ACIBADEM DÖRTYOLDA ŞAHANE KONUMLU 2+1 75m²Y.GİRİŞ DAİRE,6280000,"Bostancı, Kadıköy",3+1,190 m²
294,Feneryolu Balkonlu Masrafsız Lüx 3+1 Satılık Güney Daire,5450000,"Zühtüpaşa, Kadıköy",3+1,120 m²
295,Erenköy Ethemefendi Caddesi Marmaray Yakın 4+1,240000000,"Kozyatağı, Kadıköy",,4172 m²
296,Kadikoy Inci projesinden 3+1 85 m2 net balkonlu ebebeyn banyolu,9950000,"Bostancı, Kadıköy",4+1,160 m²
297,Göztepe Ihlamur Sokak İstasyon Caddesi Yakın Sıfır 3+1,20000000,"Fenerbahçe, Kadıköy",4+2,230 m²
298,Fenerbahçe Yüzme Havuzlu Güvenlikli Binada Teraslı Dubleks,13200000,"Suadiye, Kadıköy",4+2,230 m²
299,"BOSTANCI SAHİLDE ÖNÜ KAPANMAZ 160 M2, 4+1 SATILIK",10300000,"Suadiye, Kadıköy",4+1,165 m²
300,,7295000,"Fenerbahçe, Kadıköy",2+1,82 m²
301,CİTY TEK YETKİLİ KALAMIŞ PARKINDA DEPREM SONRASI 205 M2 3+1,10300000,"Suadiye, Kadıköy",4+1,165 m²
302,"Kozyatağı, Bayar Caddesinde Satılık 2 + 1 Daire",290000000,"Fenerbahçe, Kadıköy",,2987 m²
303,KOZYATAĞI ŞAKACI SOKAK'TA KOZZY AVM YAKINI SATILIK 3+1 DAİRE,12000000,"19 Mayıs, Kadıköy",1+1,180 m²
304,ÇOK NEZİH BİR LOKASYONDA KADIKÖY BOSTANCIDA KİRACILI SATILIK 3+,5975000,"Suadiye, Kadıköy",2+1,95 m²
305,,13950000,"Zühtüpaşa, Kadıköy",,212 m²
306,,3750000,"Caferağa, Kadıköy",2+1,100 m²
307,,21500000,"Caddebostan, Kadıköy",4+2,300 m²
308,,8975000,"Suadiye, Kadıköy",3+1,130 m²
309,,7395000,"Erenköy, Kadıköy",3+1,165 m²
310,,6650000,"Göztepe, Kadıköy",3+1,150 m²
311,"ERENKÖY,ÖMERPAŞA CD.BAĞDAT'A YAKIN,GENİŞ,SIFIR,BALKON,160M2,4+1",4200000,"Koşuyolu, Kadıköy",,125 m²
312,"GÖZTEPE'DE,MERKEZİ KONUMDA,SIFIR,EBEVEYN BANYOLU,116M2,2+1",7000000,"Caferağa, Kadıköy",3+1,140 m²
313,,5250000,"Göztepe, Kadıköy",1+1,117 m²
314,,6280000,"Bostancı, Kadıköy",3+1,190 m²
315,,5450000,"Zühtüpaşa, Kadıköy",3+1,120 m²
316,,240000000,"Kozyatağı, Kadıköy",,4172 m²
317,,9950000,"Bostancı, Kadıköy",4+1,160 m²
318,CİTY'DEN GÖZTEPEDE BAĞDAT CAD. YAKIN DENİZ MANZ. SIFIR 3+1,20000000,"Fenerbahçe, Kadıköy",4+2,230 m²
319,Grena Suadiye Sitesinde Yabancı Satışa Uygun 3+1 Daire,13200000,"Suadiye, Kadıköy",4+2,230 m²
320,,10300000,"Suadiye, Kadıköy",4+1,165 m²
321,,7295000,"Fenerbahçe, Kadıköy",2+1,82 m²
322,Acıbadem'de İyi Bir Konumda Deniz Manzaralı 2 Balkonlu 3+1,10300000,"Suadiye, Kadıköy",4+1,165 m²
323,CİTY'DEN FENERYOLUNDA MİMARİ DEKORLU BALKONLU GENİŞ 3+1,290000000,"Fenerbahçe, Kadıköy",,2987 m²
324,CİTY'DEN FENERYOLUNDA MİMARİ DEKORLU BALKONLU GENİŞ 3+1,12000000,"19 Mayıs, Kadıköy",1+1,180 m²
325,,5975000,"Suadiye, Kadıköy",2+1,95 m²
326,,13950000,"Zühtüpaşa, Kadıköy",,212 m²
327,,3750000,"Caferağa, Kadıköy",2+1,100 m²
328,,21500000,"Caddebostan, Kadıköy",4+2,300 m²
329,,8975000,"Suadiye, Kadıköy",3+1,130 m²
330,,7395000,"Erenköy, Kadıköy",3+1,165 m²
331,,6650000,"Göztepe, Kadıköy",3+1,150 m²
332,,4200000,"Koşuyolu, Kadıköy",,125 m²
333,,7000000,"Caferağa, Kadıköy",3+1,140 m²
334,,5250000,"Göztepe, Kadıköy",1+1,117 m²
335,CİTY DEN SUADİYE DE DENİZ MANZARALI 4 YILLIK 135m2 3+1,6280000,"Bostancı, Kadıköy",3+1,190 m²
336,,5450000,"Zühtüpaşa, Kadıköy",3+1,120 m²
337,,240000000,"Kozyatağı, Kadıköy",,4172 m²
338,,9950000,"Bostancı, Kadıköy",4+1,160 m²
339,,20000000,"Fenerbahçe, Kadıköy",4+2,230 m²
340,,13200000,"Suadiye, Kadıköy",4+2,230 m²
341,,10300000,"Suadiye, Kadıköy",4+1,165 m²
342,,7295000,"Fenerbahçe, Kadıköy",2+1,82 m²
343,,10300000,"Suadiye, Kadıköy",4+1,165 m²
344,,290000000,"Fenerbahçe, Kadıköy",,2987 m²
345,SAHRAYICEDİDDE METRO YAKINI ÖNÜ TAMAMEN AÇIK SATILIK DAİRE,12000000,"19 Mayıs, Kadıköy",1+1,180 m²
346,ANA CADDE ÜZERİNDE KİRACILI 1000 M2 MAĞAZA,5975000,"Suadiye, Kadıköy",2+1,95 m²
347,,13950000,"Zühtüpaşa, Kadıköy",,212 m²
348,,3750000,"Caferağa, Kadıköy",2+1,100 m²
349,APPARTEMENT A VENDRE Excellence,21500000,"Caddebostan, Kadıköy",4+2,300 m²
350,"BOSTANCI'DA YENİ PROJEDE, ULTRA LÜKS AKILLI EV 120 M2 3+1",8975000,"Suadiye, Kadıköy",3+1,130 m²
351,,7395000,"Erenköy, Kadıköy",3+1,165 m²
352,,6650000,"Göztepe, Kadıköy",3+1,150 m²
353,,4200000,"Koşuyolu, Kadıköy",,125 m²
354,,7000000,"Caferağa, Kadıköy",3+1,140 m²
355,CİTY'DEN FENERYOLU DA BAĞDAT CAD. 2.BİNA BALKONLU MİMARİ DEKORLU,5250000,"Göztepe, Kadıköy",1+1,117 m²
356,FENERYOLU ÖZGÜRLÜKTE EMSAL DIŞI 5 YILLIK BALKONLU GENİŞ DAİRE,6280000,"Bostancı, Kadıköy",3+1,190 m²
357,MERDİVENKÖY'de 3+1 ARAKAT SATILIK DAİRE,5450000,"Zühtüpaşa, Kadıköy",3+1,120 m²
358,Erenköy EthemEfendi'de Net 80m2 Balkonlu Sıfır 2+1,240000000,"Kozyatağı, Kadıköy",,4172 m²
359,GÖZTEPEDE YENİ BİNA 150M2 BRUT SATILIK 3+1 DAİRE,9950000,"Bostancı, Kadıköy",4+1,160 m²
360,,20000000,"Fenerbahçe, Kadıköy",4+2,230 m²
361,,13200000,"Suadiye, Kadıköy",4+2,230 m²
362,,10300000,"Suadiye, Kadıköy",4+1,165 m²
363,,7295000,"Fenerbahçe, Kadıköy",2+1,82 m²
364,,10300000,"Suadiye, Kadıköy",4+1,165 m²
365,,290000000,"Fenerbahçe, Kadıköy",,2987 m²
366,KOZYATAĞI PRESTİJLİ KONUM VE ÖZELLİKDE 4+2 SATILIK DUBLEKS,12000000,"19 Mayıs, Kadıköy",1+1,180 m²
367,,5975000,"Suadiye, Kadıköy",2+1,95 m²
368,,13950000,"Zühtüpaşa, Kadıköy",,212 m²
369,,3750000,"Caferağa, Kadıköy",2+1,100 m²
370,,21500000,"Caddebostan, Kadıköy",4+2,300 m²
371,,8975000,"Suadiye, Kadıköy",3+1,130 m²
372,,7395000,"Erenköy, Kadıköy",3+1,165 m²
373,,6650000,"Göztepe, Kadıköy",3+1,150 m²
374,,4200000,"Koşuyolu, Kadıköy",,125 m²
375,,7000000,"Caferağa, Kadıköy",3+1,140 m²
376,"BOSTANCI'DA YENİ ULTRA LÜKS PROJEDE, DENİZ MANZARALI 120 M2 3+1",5250000,"Göztepe, Kadıköy",1+1,117 m²
377,FENERYOLUNDA 3+1 FIRSAT DAİRE,6280000,"Bostancı, Kadıköy",3+1,190 m²
378,CİTY DEN FENERBAHÇE AYANOĞLU CAD. SİNDE KATTA TEK 4 YILLIK 160m2,5450000,"Zühtüpaşa, Kadıköy",3+1,120 m²
379,"CADDEBOSTAN BAĞDAT'A ÜÇÜNCÜ APARTMAN 3+1,168M2 GENİŞ DAİRE..",240000000,"Kozyatağı, Kadıköy",,4172 m²
380,,9950000,"Bostancı, Kadıköy",4+1,160 m²
381,,20000000,"Fenerbahçe, Kadıköy",4+2,230 m²
382,CİTY'DEN MERDİVENKÖY'DE MİNİBÜS CD.'SİN YAKIN YENİ 130M2 3+1,13200000,"Suadiye, Kadıköy",4+2,230 m²
383,GÖZTEPE'DE NEZİH BİR SOKAKTA SATILIK 3+1 DAİRE,10300000,"Suadiye, Kadıköy",4+1,165 m²
384,BAĞDAT CADDESİNE YAKIN BALKONLU SATILIK ÇİFT DAİRE SALON 56M2,7295000,"Fenerbahçe, Kadıköy",2+1,82 m²
385,CİTY'DEN FENERYOLUNDA ÖZGÜRLÜK PARKINA ADIM MESAFEDE SIFIR 1+1,10300000,"Suadiye, Kadıköy",4+1,165 m²
386,CİTY'DEN KALAMIŞ PARKINA YAKIN KAPANMAZ DENİZ MANZARALI 4+1,290000000,"Fenerbahçe, Kadıköy",,2987 m²
387,Koşuyolu Caddesi'ne Paralel Yatırımlık Müstakil Ev,12000000,"19 Mayıs, Kadıköy",1+1,180 m²
388,,5975000,"Suadiye, Kadıköy",2+1,95 m²
389,CİTY^DEN ETHEMEFENDİ'DE CADDE İLE MARMARAY ARASI SIFIR 3+1,13950000,"Zühtüpaşa, Kadıköy",,212 m²
390,Feneryolu Güvenlikli Sitede Bağdat Caddesine Yakın Masrafsız,3750000,"Caferağa, Kadıköy",2+1,100 m²
391,Kadıköy Erenköy'de Prestijli Sitede Satılık 3+1 Daire,21500000,"Caddebostan, Kadıköy",4+2,300 m²
392,Merdivenköy'de Minibüs Caddesi'ne Yakın Satılık 3+1 Daire,8975000,"Suadiye, Kadıköy",3+1,130 m²
393,DİNAMİK'TEN FENERYOLUN'DA CADDEYE YAKIN GENİŞ 4+1,7395000,"Erenköy, Kadıköy",3+1,165 m²
394,MERDİVENKÖY'DE SGK DİŞ HEKİMLİĞİ KARŞISI SATILIK FIRSAT DÜKKAN,6650000,"Göztepe, Kadıköy",3+1,150 m²
395,SUADİYE SAHİLE YAKIN DENİZ MANZARALI 3+1 DAİRE,4200000,"Koşuyolu, Kadıköy",,125 m²
396,,7000000,"Caferağa, Kadıköy",3+1,140 m²
397,CİTY'DEN BAĞDATA YAKIN MİMARİ DEKORLU BALKONLU 215 M2 4+1,5250000,"Göztepe, Kadıköy",1+1,117 m²
398,Kadiköy Zühtüpaşa'da Genç Binada 3 Cepheli 2+1 Daire,6280000,"Bostancı, Kadıköy",3+1,190 m²
399,"GÖZTEPE'DE,MİNİBÜS CAD.ÜSTÜNDE,GENİŞ,BALKONLU,140M2,3+1",5450000,"Zühtüpaşa, Kadıköy",3+1,120 m²
400,CİTY'DEN FENERYOLU'NDA SIFIR 200M2 3+2 BALKONLU,240000000,"Kozyatağı, Kadıköy",,4172 m²
401,SUADİYE AMETİST'TE SATILIK FUL DENİZ MANZARALI MUHTEŞEM DUBLEKS,9950000,"Bostancı, Kadıköy",4+1,160 m²
402,FOUR WINDS RESIDENCE'TA TERASLI MANZARALI MUHTEŞEM DAİRE,20000000,"Fenerbahçe, Kadıköy",4+2,230 m²
403,"KADIKÖY ZÜHTÜPAŞA' DA 3+1 120 M2, YENİ BOYALI KAÇIRILMAZ DAİRE",13200000,"Suadiye, Kadıköy",4+2,230 m²
404,CİTY'DEN ÖZGÜRLÜK PARKI KARŞISINDA SIFIR BAHÇE KATI 2+1,10300000,"Suadiye, Kadıköy",4+1,165 m²
405,,7295000,"Fenerbahçe, Kadıköy",2+1,82 m²
406,,10300000,"Suadiye, Kadıköy",4+1,165 m²
407,,290000000,"Fenerbahçe, Kadıköy",,2987 m²
408,Kozyatağı Bayar Caddesi 2+1 100m2 Satılık Ofis yada Daire,12000000,"19 Mayıs, Kadıköy",1+1,180 m²
409,,5975000,"Suadiye, Kadıköy",2+1,95 m²
410,ÇARŞI İÇİNDE KİRACILI 15 M2 DÜKKAN,13950000,"Zühtüpaşa, Kadıköy",,212 m²
411,MERKEZİ KONUMDA 20 M2 DÜKKAN,3750000,"Caferağa, Kadıköy",2+1,100 m²
412,ANA CADDE ÜZERİNDE KİRACILI 40 M2 DÜKKAN,21500000,"Caddebostan, Kadıköy",4+2,300 m²
413,ERENKÖY ŞEMSETTİN GÜNALTAY CADDESİ ÜZERİNDE 50 M2 DÜKKAN,8975000,"Suadiye, Kadıköy",3+1,130 m²
414,MERKEZİ KONUMDA KİRACILI 25 M2 DÜKKAN,7395000,"Erenköy, Kadıköy",3+1,165 m²
415,BAĞDAT CADDESİ ÜZERİNDE 260 M2 MAĞAZA,6650000,"Göztepe, Kadıköy",3+1,150 m²
416,ERENKÖY BAĞDAT CADDESİ ÜZERİNDE 70 M2 MAĞAZA,4200000,"Koşuyolu, Kadıköy",,125 m²
417,ANA CADDE ÜZERİNDE 1100 M2 DÜKKAN,7000000,"Caferağa, Kadıköy",3+1,140 m²
418,BAĞDAT CADDESİ ÜZERİNDE 3500 M2 KOMPLE BİNA,5250000,"Göztepe, Kadıköy",1+1,117 m²
419,OPERATÖR CEMİL TOPUZLU CADDESİ ÜZERİNDE KİRACILI 480 M2 MAĞAZA,6280000,"Bostancı, Kadıköy",3+1,190 m²
420,KADIKÖY ÇARŞISININ HAREKETLİ YERİNDE 80 M2 DÜKKAN,5450000,"Zühtüpaşa, Kadıköy",3+1,120 m²
421,FENERBAHÇE FENER KALAMIŞ CADDESİ ÜZERİNDE 400 M2 MAĞAZA,240000000,"Kozyatağı, Kadıköy",,4172 m²
422,ERENKÖY ETHEM EFENDİ CADDESİ ÜZERİNDE 182 M2 DÜKKAN,9950000,"Bostancı, Kadıköy",4+1,160 m²
423,KADIKÖY BAHARİYE CADDESİ ÜZERİNDE 180 M2 DÜKKAN,20000000,"Fenerbahçe, Kadıköy",4+2,230 m²
424,Çiftehavuzlar Bağdat Cad Satılık Ev Ofis,13200000,"Suadiye, Kadıköy",4+2,230 m²
425,Feneryolu Özgürlük Parkına Marmaraya Yürüeme Mesafesinde,10300000,"Suadiye, Kadıköy",4+1,165 m²
426,KOZYATAĞI Metroya yakın Satılık Daire Balkonlu Ferah Temiz,7295000,"Fenerbahçe, Kadıköy",2+1,82 m²
427,Fikirtepe Torkam sitesinde 1+1 yeni bina oturulmamış,10300000,"Suadiye, Kadıköy",4+1,165 m²
428,Göztepe tütüncü mehmet efendi caddesi üzerinde 4+1 yeni bina,290000000,"Fenerbahçe, Kadıköy",,2987 m²
429,Feneryolu marmaraya yakın geniş 3+1 masrafsız yenilenmiş,12000000,"19 Mayıs, Kadıköy",1+1,180 m²
430,SUADİYE ÇOLAK İSMAİL DE GENİŞ VE BAKIMLI GENÇ BİNADA SATILIK 3+1,5975000,"Suadiye, Kadıköy",2+1,95 m²
431,Çiftehavuzlar'da Muhteşem konumda Sıfır binada 3+1,13950000,"Zühtüpaşa, Kadıköy",,212 m²
432,,3750000,"Caferağa, Kadıköy",2+1,100 m²
433,,21500000,"Caddebostan, Kadıköy",4+2,300 m²
434,"MELTEM KULE'DE, DENİZ MANZARALI, İSKANLI 5+2 SATILIK DUBLEKS",8975000,"Suadiye, Kadıköy",3+1,130 m²
435,Suadiye yeni bina 4+1 160 m2 net,7395000,"Erenköy, Kadıköy",3+1,165 m²
436,,6650000,"Göztepe, Kadıköy",3+1,150 m²
437,CEMİL TOPUZLU CADDESİNDE MUHTEŞEM LOKASYONDA 3+1,4200000,"Koşuyolu, Kadıköy",,125 m²
438,KADIKÖY RIHTIM'A YAKIN SATILIK OFİS & BÜRO,7000000,"Caferağa, Kadıköy",3+1,140 m²
439,MÜKEMMEL LOKASYONDA MİMARİ DEKORLU 4+1 FERAH,5250000,"Göztepe, Kadıköy",1+1,117 m²
440,Erenköy Caddebostan arası Satılık 155m2 Daire Deniz Manzaralı,6280000,"Bostancı, Kadıköy",3+1,190 m²
441,Kadıköy Bostancı'da Satılık Daire,5450000,"Zühtüpaşa, Kadıköy",3+1,120 m²
442,GÖZTEPE MERKEZDE İÇİ YAPILI BALKONLU EBEVEYN BANYOLU SATILIK 3+1,240000000,"Kozyatağı, Kadıköy",,4172 m²
443,Feneryolu'nda marmaray ve bağdat caddesine yakın 4+1,9950000,"Bostancı, Kadıköy",4+1,160 m²
444,Erenköy kaçırılmayacak fırsat daire 3+1 giriş katı,20000000,"Fenerbahçe, Kadıköy",4+2,230 m²
445,Caddebostan iskele sokak 1+1 yeni bina,13200000,"Suadiye, Kadıköy",4+2,230 m²
446,Cadcebostan sahil parseli 3+1 yeni bina vatandaşlığa uygun,10300000,"Suadiye, Kadıköy",4+1,165 m²
447,KADIKÖY'DE 2.DERECE TARİHİ ESER SATILIK ARSA__TEK YETKİLİ'DEN,7295000,"Fenerbahçe, Kadıköy",2+1,82 m²
448,Erenköy ün en güzel lokasyonunda masrafsız 3+1 geniş daire,10300000,"Suadiye, Kadıköy",4+1,165 m²
449,"Göztepe Tütüncü mehmet efendi caddesi 3,5+1 yeni bina",290000000,"Fenerbahçe, Kadıköy",,2987 m²
450,Suadiye sahil parseli 4+1 içi yenilenmiş daire,12000000,"19 Mayıs, Kadıköy",1+1,180 m²
451,,5975000,"Suadiye, Kadıköy",2+1,95 m²
452,KADIKÖYDE 2.DERECE TARİHİ ESER SATILIK ARSA TEK YETKİLİDEN,13950000,"Zühtüpaşa, Kadıköy",,212 m²
453,Bağdat Caddesi'nde 3+1 Daire,3750000,"Caferağa, Kadıköy",2+1,100 m²
454,MERDİVENKÖY'DE KİRACILI RENTAŞ İŞ MERKEZİNDE SATILIK DÜKKAN,21500000,"Caddebostan, Kadıköy",4+2,300 m²
455,Feneryolu bağdatcaddeye 1nci paralel 2+1 inşaatı devam eden,8975000,"Suadiye, Kadıköy",3+1,130 m²
456,,7395000,"Erenköy, Kadıköy",3+1,165 m²
457,Hasanpaşa'da Balkonlu İçi Yenilenmiş Satılık 2+1 Daire,6650000,"Göztepe, Kadıköy",3+1,150 m²
458,fenerbahçe kalamış 2+1 yatırımlık daire,4200000,"Koşuyolu, Kadıköy",,125 m²
459,"BOSTANCI ŞENESENEVLER'DE GENİŞ BALKONLU, 2+1 SATILIK DAİRE",7000000,"Caferağa, Kadıköy",3+1,140 m²
460,Fenerbahçe Kahve Dünyası Sütişe Yakın 3+1 Satılık Daire,5250000,"Göztepe, Kadıköy",1+1,117 m²
461,Caddebostan Sahil Teraslı Sıfır Dubleks 5+2,6280000,"Bostancı, Kadıköy",3+1,190 m²
462,Caddebostan Sahil Irmak okullarına Yakın Deniz Manzaralı,5450000,"Zühtüpaşa, Kadıköy",3+1,120 m²
463,CİTY'DEN GÖZTEPEDE MİNİBÜS İLE MARMARAY ARASI ÖZGÜRLÜKTE,240000000,"Kozyatağı, Kadıköy",,4172 m²
464,SUADİYE BAĞDAT CADDE 4 DAKİKA 1.KAT İSKANLI BALKONLU SATILIK 4+1,9950000,"Bostancı, Kadıköy",4+1,160 m²
465,GÖZTEPE ÖZGÜRLÜK PARKINA YAKIN KİRACILI 3+1 KOMBİLİ DAİRE.,20000000,"Fenerbahçe, Kadıköy",4+2,230 m²
466,KOZYATAĞINDA YENİ SIFIR DUBLEKS DAİRE 190 M2,13200000,"Suadiye, Kadıköy",4+2,230 m²
467,,10300000,"Suadiye, Kadıköy",4+1,165 m²
468,,7295000,"Fenerbahçe, Kadıköy",2+1,82 m²
469,REMAX İNCİ'DEN KADIKÖY EĞİTİM MAHALLESİNDE SATILIK DÜKKAN,10300000,"Suadiye, Kadıköy",4+1,165 m²
470,Bağdat Caddesinde satılık 145 m² ofis,290000000,"Fenerbahçe, Kadıköy",,2987 m²
471,KADIKÖY'DE SATILIK 7 KATLI MÜKEMMEL KOMPLE BİNA,12000000,"19 Mayıs, Kadıköy",1+1,180 m²
472,ETHEM EFENDİ CAD ÜZERİNDE BALKONLU SATILIK 3+1 DAİRE!!,5975000,"Suadiye, Kadıköy",2+1,95 m²
473,Feneryolu Balkonlu Kombili 3+1 Satılık Daire,13950000,"Zühtüpaşa, Kadıköy",,212 m²
474,Fenerbahçe Dalyan Ordu Evi Yakın Kapalı Otoparklı Dubleks,3750000,"Caferağa, Kadıköy",2+1,100 m²
475,Kadıköy Moda Caferağa'da Satılık 2+1 İçi Yenilenmiş Eşyalı Daire,21500000,"Caddebostan, Kadıköy",4+2,300 m²
476,KOZZY AVM YAKINI ÖNÜ AÇIK EBEVEYN BANYOLU 110 M2 NET 3+1 DAİRE,8975000,"Suadiye, Kadıköy",3+1,130 m²
477,Kadıköy Hasanpaşa'da 2+1 Satılık Daire,7395000,"Erenköy, Kadıköy",3+1,165 m²
478,ACIBADEM DÖRTYOL DA FIRSAT SATILIK DÜKKAN,6650000,"Göztepe, Kadıköy",3+1,150 m²
479,,4200000,"Koşuyolu, Kadıköy",,125 m²
480,,7000000,"Caferağa, Kadıköy",3+1,140 m²
481,ACIBADEM METRO ve AKASYA AVM YAKINI YENİ BİNADA SATILIK,5250000,"Göztepe, Kadıköy",1+1,117 m²
482,Erenköy Kaptan Arif Ön Kullanımlı Köşe Binada Dükkan,6280000,"Bostancı, Kadıköy",3+1,190 m²
483,A VENDRE APPARTEMENT Excellence,5450000,"Zühtüpaşa, Kadıköy",3+1,120 m²
484,Acıbadem'de Caddeye Paralel Satılık 3+1 Yenilenmiş Fırsat Daire,240000000,"Kozyatağı, Kadıköy",,4172 m²
485,Caddebostan Taşmektep Sokak Balkonlu 3 Yıllık Binada,9950000,"Bostancı, Kadıköy",4+1,160 m²
486,,20000000,"Fenerbahçe, Kadıköy",4+2,230 m²
487,,13200000,"Suadiye, Kadıköy",4+2,230 m²
488,,10300000,"Suadiye, Kadıköy",4+1,165 m²
489,MERDİVENKÖY MEDİKALPARK HAST YAKIN 135M2 TERTEMİZ KİRACLI DAİRE.,7295000,"Fenerbahçe, Kadıköy",2+1,82 m²
490,KADIKÖY RIHTIM'A YAKIN SATILIK 3+1 DAİRE,10300000,"Suadiye, Kadıköy",4+1,165 m²
491,SUADİYE DE 105 NET YENİ BİNADA 3+1 SATILIK DAİRE,290000000,"Fenerbahçe, Kadıköy",,2987 m²
492,CENTURY 21.SAHRA'DAN SUADİYE SAHİLDE BAHÇE KULLANIMLI 3+1 YAPILI,12000000,"19 Mayıs, Kadıköy",1+1,180 m²
493,BAHARİYE'DE TOPLU ULAŞIMA YAKIN GENÇ BİNADA 1+1 SATILIK DUBLEKS,5975000,"Suadiye, Kadıköy",2+1,95 m²
494,Feneryolu Bağdat'a Yakın Deprem Sonrası 3+1 Daire,13950000,"Zühtüpaşa, Kadıköy",,212 m²
495,KADIKÖY MODA DA BAKIMLI FERAH HESAPLI SATILIK,3750000,"Caferağa, Kadıköy",2+1,100 m²
496,Bostancı Gösteri Merk. Yakını Satılık Yüksek Kat Ferah 3+1 Daire,21500000,"Caddebostan, Kadıköy",4+2,300 m²
497,Caddebostan da satılık boş 2+1 kapalı otoparklı daire,8975000,"Suadiye, Kadıköy",3+1,130 m²
498,Bostancı Minibüs Cad Dortyol'da YENİ SATILIK 4+1 Daire 220m²,7395000,"Erenköy, Kadıköy",3+1,165 m²
499,Suadiye'de Sıfır Binada Balkonlu 3+1 Satılık Daire,6650000,"Göztepe, Kadıköy",3+1,150 m²
500,Kadikoy Inci projesinden 3+1 85 m2 net balkonlu ebebeyn banyolu,4200000,"Koşuyolu, Kadıköy",,125 m²
501,KADIKÖY MERKEZDE OFİS KATI,7000000,"Caferağa, Kadıköy",3+1,140 m²
502,KAZASKER ŞEMSETTİN GÜNALTAY CADDESİ ÜZERİNDE 150 M2 DÜKKAN,5250000,"Göztepe, Kadıköy",1+1,117 m²
503,KAZASKER ŞEMSETTİN GÜNALTAY CADDESİ GİRİŞİNDE 70 M2 DÜKKAN,6280000,"Bostancı, Kadıköy",3+1,190 m²
504,CADDEBOSTAN BAĞDAT CADDESİNDE KİRACILI 10 M2 DÜKKAN,5450000,"Zühtüpaşa, Kadıköy",3+1,120 m²
505,ŞAŞKINBAKKAL BAĞDAT CADDESİ ÜZERİNDE KİRACILI 295 M2 MAĞAZA,240000000,"Kozyatağı, Kadıköy",,4172 m²
506,ŞAŞKINBAKKAL BAĞDAT CADDESİ GİRİŞİNDE KİRACILI 225 M2 DÜKKAN,9950000,"Bostancı, Kadıköy",4+1,160 m²
507,KAZASKER ŞEMSETTİN GÜNALTAY CADDESİ ÜZERİ KİRACILI 200 M2 DÜKKAN,20000000,"Fenerbahçe, Kadıköy",4+2,230 m²
508,KADIKÖY ÇARŞISININ HAREKETLİ YERİNDE KİRACILI 240 M2 DÜKKAN,13200000,"Suadiye, Kadıköy",4+2,230 m²
509,ŞAŞKINBAKKAL BAĞDAT CADDESİ ÜZERİNDE 300 M2 OFİS,10300000,"Suadiye, Kadıköy",4+1,165 m²
510,ŞAŞKINBAKKAL BAĞDAT CADDESİ ÜZERİNDE KİRACILI 275 M2 MAĞAZA,7295000,"Fenerbahçe, Kadıköy",2+1,82 m²
511,KOZYATAĞI BAYTUR KONUTLARINDA SATILIK BÜYÜK TİP 1+1 DAİRE,10300000,"Suadiye, Kadıköy",4+1,165 m²
512,Çiftehavuzlar Sahil Dalyan Deniz Parka Yakın Balkonlu Sıfır 3+1,290000000,"Fenerbahçe, Kadıköy",,2987 m²
513,Fenerbahçe Dr. Faruk Ayanoğlu - Bağdat Caddesi 3+1 Satılık,12000000,"19 Mayıs, Kadıköy",1+1,180 m²
514,,5975000,"Suadiye, Kadıköy",2+1,95 m²
515,Fenerbahçe Dalyan Sahil Yakın Balkonlu Sıfır Satılık Daire,13950000,"Zühtüpaşa, Kadıköy",,212 m²
516,,3750000,"Caferağa, Kadıköy",2+1,100 m²
517,ERENKÖY 19 MAYIS İSMAİL SELÇUK'TAN LUX BİNA SATILIK DAİRE 3+1,21500000,"Caddebostan, Kadıköy",4+2,300 m²
518,FENERYOLU İSMAİL SELÇUK'TAN YENİ BİNADA ULAŞIM NOKTALARINA YAKIN,8975000,"Suadiye, Kadıköy",3+1,130 m²
519,SAHRAYICEDİT ATATÜRK CADDESİ YAKINI 4+1 SATILIK DUBLEKS DAİRE,7395000,"Erenköy, Kadıköy",3+1,165 m²
520,ERENKÖYDE ÖZEL TASARIMLI SATILIK DAİRE,6650000,"Göztepe, Kadıköy",3+1,150 m²
521,KADIKÖY MÜHÜRDAR CADDESİ'NDE SATILIK KOMPLE TARİHİ BİNA,4200000,"Koşuyolu, Kadıköy",,125 m²
522,,7000000,"Caferağa, Kadıköy",3+1,140 m²
523,Vatandaşlığa Uygun Kalamış Caddesi 3+1 Satılık Lüks Konut,5250000,"Göztepe, Kadıköy",1+1,117 m²
524,Satılık Konut - Taslak / Envanter,6280000,"Bostancı, Kadıköy",3+1,190 m²
525,"ERENKÖY'ÜN KALBİNDE, SİTE İÇİNDE, 4+1, 170m2 DAİRE",5450000,"Zühtüpaşa, Kadıköy",3+1,120 m²
526,FİYAT DÜŞTÜ KADIKÖY ERENKÖY ÇOBAN YILDIZI SOKAK SATILIK 2 1,240000000,"Kozyatağı, Kadıköy",,4172 m²
527,KADIKÖY HASANPAŞA DA SATILIK 2+1 YÜKSEK GİRİŞ DAİRE,9950000,"Bostancı, Kadıköy",4+1,160 m²
528,Suadiye Sahilde Vatandaşlığa Uygun 220 m2 Satılık 3+1 Daire,20000000,"Fenerbahçe, Kadıköy",4+2,230 m²
529,DİNAMİK'TEN SUADİYE SAHİLDE 3+1 BALKONLU GENİŞ M2 SATILIK DAİRE,13200000,"Suadiye, Kadıköy",4+2,230 m²
530,FİKİRTEPE EVİNPARK KADIKÖY SATILIK 2+1 EN GENİŞ DAİRE,10300000,"Suadiye, Kadıköy",4+1,165 m²
531,FORTİS SİNANLI KADIKÖY'DE 1+0 SATILIK DAİRE,7295000,"Fenerbahçe, Kadıköy",2+1,82 m²
532,Şair Arşi Caddesine 3. Bina 3+1 Satılık Daire,10300000,"Suadiye, Kadıköy",4+1,165 m²
533,Feneryolu Bağdat Caddesi Marmaray Yakın Masrafsız Full Yapılı,290000000,"Fenerbahçe, Kadıköy",,2987 m²
534,Kalamış'ta Denize 4. Bina Konumunda Balkonlu Lüks Kombili,12000000,"19 Mayıs, Kadıköy",1+1,180 m²
535,BAYSAŞ İSTANBUL 216 1.ETAP 2+1 VATANDAŞLIĞA UYGUN FIRSAT DAİRE,5975000,"Suadiye, Kadıköy",2+1,95 m²
536,NESRİN EMLAK'TAN YATIRIMA UYGUN CADDEYE YAKIN DAİRE,13950000,"Zühtüpaşa, Kadıköy",,212 m²
537,Fenerbahçe Dalyan Kulüp Ordu Evi Yakın Satılık 3+1 Daire,3750000,"Caferağa, Kadıköy",2+1,100 m²
538,Kadıköy Sahrayı Cedit'te Satılık 1+1 Rezidans,21500000,"Caddebostan, Kadıköy",4+2,300 m²
539,Mutlu Aydın'dan Fenerbahçe Bağdat Caddesinde Otoparklı İş yeri,8975000,"Suadiye, Kadıköy",3+1,130 m²
540,"DEKARASYONLU 40m2 SALON,OTOPARKLI MASRAFSIZ DUBLEX 9.050.000-TL",7395000,"Erenköy, Kadıköy",3+1,165 m²
541,ERENKÖY MİNİBÜS YOLUNA ÇOK YAKIN SATILIK 2+1 DAİRE,6650000,"Göztepe, Kadıköy",3+1,150 m²
542,MERDİVENKÖY YENİ BİNADA SATILIK 2+1 DAİRE,4200000,"Koşuyolu, Kadıköy",,125 m²
543,SAHRAYICEDİT ATATÜRK CADDESİNDE GENİŞ 3+1 SATILIK DAİRE,7000000,"Caferağa, Kadıköy",3+1,140 m²
544,BOSTANCI METRO YAKINI-DEPREM YÖNETMELİKLİ-ARAKAT 4 ODA 1 SALON,5250000,"Göztepe, Kadıköy",1+1,117 m²
545,Mutlu Aydın'dan Suadiye Bağdat Caddesine 100m 3+1 Ön Cephe 2.Kat,6280000,"Bostancı, Kadıköy",3+1,190 m²
546,GÖZTEPE 1071KADIKÖY RESİDENCE DE 3+1 7/24 GÜVENLİKLİ HAVUZLU,5450000,"Zühtüpaşa, Kadıköy",3+1,120 m²
547,Merdivenköy'de merkezi konumda 3+1 150m2 Satılık Daire,240000000,"Kozyatağı, Kadıköy",,4172 m²
548,BOŞ ..19 MAYIS MAHALLESİNDE KOMBİLİ 85 M2 NET ÖNÜ AÇIK 2+1 DAİ,9950000,"Bostancı, Kadıköy",4+1,160 m²
549,ŞEMSETTİN GÜNALTAYA CEPHE BİNADA SATILIK DÜKKAN,20000000,"Fenerbahçe, Kadıköy",4+2,230 m²
550,BOŞ .. KOZYATAĞI ŞENESENEVLER SAKİN SOKAKTA ÖNÜ AÇIK KOMBİLİ 3+1,13200000,"Suadiye, Kadıköy",4+2,230 m²
551,BAĞDAT CADDESİ ÜZERİ 4+1 150 M2 NET SATILIK DAİRE 9.550.000 TL,10300000,"Suadiye, Kadıköy",4+1,165 m²
552,BOSTANCI DA ÇOK KULLANIŞLI VE GENİŞ ÖZEL TASARIM SATILIK DUBLEKS,7295000,"Fenerbahçe, Kadıköy",2+1,82 m²
553,FENERBAHÇE DE CEMİL TOPUZLU ÜSTÜNDE GENÇ BİNADA SATILIK 3+1,10300000,"Suadiye, Kadıköy",4+1,165 m²
554,Teknik Yapı Suadiye Sahil Sitesinde 3+1 Satılık Bahçe Katı,290000000,"Fenerbahçe, Kadıköy",,2987 m²
555,Kızıltoprak Bağdat caddesine 1. paralel komple sıfır bina,12000000,"19 Mayıs, Kadıköy",1+1,180 m²
556,Erenköy Mükemmel Konumda 2+1 95 m2,5975000,"Suadiye, Kadıköy",2+1,95 m²
557,,13950000,"Zühtüpaşa, Kadıköy",,212 m²
558,,3750000,"Caferağa, Kadıköy",2+1,100 m²
559,,21500000,"Caddebostan, Kadıköy",4+2,300 m²
560,CENTURY 21.SAHRA'DAN 2 YILLIK GÜVENLİKLİ SİTE İÇERİSİNDE 2+1,8975000,"Suadiye, Kadıköy",3+1,130 m²
561,CENTURY 21.SAHRA'DAN BAĞDAT'A ÇOK YAKIN 4+1 İÇİ FULL YAPILI,7395000,"Erenköy, Kadıköy",3+1,165 m²
562,WEN CADDE CADDEBOSTAN SAHİLDE FERAH FIRSAT DUBLEKS 4+1 DAİRE,6650000,"Göztepe, Kadıköy",3+1,150 m²
563,FENERYOLUNDA NET 130 M2 EBEVEYN BANYOLU OTOPARKLI GENİŞ DAİRE,4200000,"Koşuyolu, Kadıköy",,125 m²
564,Mutlu Aydın'dan Kadıköy Osmanağa'da Komple Satılık Bina,7000000,"Caferağa, Kadıköy",3+1,140 m²
565,GÖZTEPE ÖZGÜRLÜK PARKINA ÇOK YAKIN SATILIK 3+1 DAİRE,5250000,"Göztepe, Kadıköy",1+1,117 m²
566,YETKİNDEN YENİ BİNADA 3+1 95M2 NET YÜKSEK GİRİŞ,6280000,"Bostancı, Kadıköy",3+1,190 m²
567,Kadıköy Fikirtepe'de Satılık 1+1 Rezidans Dairesi,5450000,"Zühtüpaşa, Kadıköy",3+1,120 m²
568,KADIKÖY RASİMPAŞADA MERKEZİ KONUMDA 2+1 FIRSAT DAİRE,240000000,"Kozyatağı, Kadıköy",,4172 m²
569,ERENKÖY İSTASYON CAD.SATILIK 3+1 98 M2 NET LÜKS DAİRELER,9950000,"Bostancı, Kadıköy",4+1,160 m²
570,F.BAHÇE MARİNADA 155M2  LEBİDERYA BALKONLU GÜVENLİKLİ,20000000,"Fenerbahçe, Kadıköy",4+2,230 m²
571,KOZYATAĞI E-5 'İN YANI BAŞINDA 250 M2 RESTAURANT,13200000,"Suadiye, Kadıköy",4+2,230 m²
572,,10300000,"Suadiye, Kadıköy",4+1,165 m²
573,GÖZTEPE ÖZGÜRLÜK PARKINADA 3+1KOMBİLİ 110 M2 BİTMEK ÜZERE DAİRE.,7295000,"Fenerbahçe, Kadıköy",2+1,82 m²
574,,10300000,"Suadiye, Kadıköy",4+1,165 m²
575,CENTURY 21.SAHRA'DAN SUADİYE SAHİLDE BAHÇE KULLANIMLI 3+1 YAPILI,290000000,"Fenerbahçe, Kadıköy",,2987 m²
576,Duygu çağıran kozyatağı satılık dükkan,12000000,"19 Mayıs, Kadıköy",1+1,180 m²
577,FİKİRTEPE KİPTAŞ TORKAM DA SIFIR 1+1 DAİRE,5975000,"Suadiye, Kadıköy",2+1,95 m²
578,,13950000,"Zühtüpaşa, Kadıköy",,212 m²
579,TEK YETKİLİ CENTURY 21.SAHRA'DAN KAYASULTAN SOKAKTA YATIRIMLIK,3750000,"Caferağa, Kadıköy",2+1,100 m²
580,BENZERSİZ BENESTA ACIBADEM - 1+1 daire MUHTEŞEM FİYAT!,21500000,"Caddebostan, Kadıköy",4+2,300 m²
581,Kadıköy Ziverbey'de Muhteşem Osmanlı Köşkü,8975000,"Suadiye, Kadıköy",3+1,130 m²
582,Kadıköy Feneryolu Mah. Satılık 4+1 Ultra LÜks Dubleks Daire,7395000,"Erenköy, Kadıköy",3+1,165 m²
583,Kadıköy Modada 3+1 Bakımlı Balkonlu Daire,6650000,"Göztepe, Kadıköy",3+1,150 m²
584,SAPANCADA DAĞ VE ORMAN MANZARALI SİTE ÖZELLİKLİ ULTRA LÜKS VİLLA,4200000,"Koşuyolu, Kadıköy",,125 m²
585,Mutlu Aydın'dan Kadıköy Bahariye caddesi Hak Pasajında,7000000,"Caferağa, Kadıköy",3+1,140 m²
586,Çiftehavuzlar Bağdat Caddesi Tabela Değeri Yüksek Ofise Uygun,5250000,"Göztepe, Kadıköy",1+1,117 m²
587,ŞAŞKINBAKKAL SAHİLDE 150 M2 KATTA TEK SIFIR SATILIK DAİRE!!,6280000,"Bostancı, Kadıköy",3+1,190 m²
588,KADIKÖYDE KOMPLE SATILIK ALTI KATLI TİCARİ BİNA 48.000.000.-TL,5450000,"Zühtüpaşa, Kadıköy",3+1,120 m²
589,kadıköy satılık bina rıhtımda deniz manzaralı camlı fırsat fiyat,240000000,"Kozyatağı, Kadıköy",,4172 m²
590,Caddebostan sahilde 3+1 balkonlu depolu yabancı satışa uygun,9950000,"Bostancı, Kadıköy",4+1,160 m²
591,,20000000,"Fenerbahçe, Kadıköy",4+2,230 m²
592,SUADİYE'DE EŞSİZ KONUM ve BENZERSİZ - SATILIK GENİŞ 3+1,13200000,"Suadiye, Kadıköy",4+2,230 m²
593,"Şaşkınbakkal ,Kazım Özalp Sokak'ta 3+2 Çatı dubleks",10300000,"Suadiye, Kadıköy",4+1,165 m²
594,ACIBADEM SİTESİNDE 6+1 DUBLEX DAİRE,7295000,"Fenerbahçe, Kadıköy",2+1,82 m²
595,GÖZTEPE BAĞDATA YÜRÜME MESAFESİ 150M2 BALKONLU LÜKS,10300000,"Suadiye, Kadıköy",4+1,165 m²
596,Kadıköy satılık bina minibüs yolunda kiracılı işmerkezi,290000000,"Fenerbahçe, Kadıköy",,2987 m²
597,"GÖZTEPE EMLAKTAN, GÖZTEPE MİNÜBÜSE ÇOK YAKIN 165 M2 MANTOLAMALI",12000000,"19 Mayıs, Kadıköy",1+1,180 m²
598,Fenerbahçe Kalamış Deniz Marina Doğa Manzaralı 3+1 Satılık,5975000,"Suadiye, Kadıköy",2+1,95 m²
599,,13950000,"Zühtüpaşa, Kadıköy",,212 m²
600,NOVACADDE'DEN YABANCI ÜLKE VATANDAŞLARINA UYGUN SATILIK DAİRE,3750000,"Caferağa, Kadıköy",2+1,100 m²
601,NOVACADDE'DEN İÇİ TAMAMEN YENİLENMİŞ SATILIK 3+1 DAİRE,21500000,"Caddebostan, Kadıköy",4+2,300 m²
602,KADIKÖY RASİMPAŞA'DA 2+1 SATILIK DAİRE,8975000,"Suadiye, Kadıköy",3+1,130 m²
603,"İSKANLI, BALKONLU, 3+1 SATILIK DAİRE (Yabancı Satışına Uygundur)",7395000,"Erenköy, Kadıköy",3+1,165 m²
604,Göztepe Tanzimat Sokak 4 Yıllık Binada 3+1 Daire,6650000,"Göztepe, Kadıköy",3+1,150 m²
605,Fenerbahçe Wyndham Otel Yakın Balkonlu Katta Tek,4200000,"Koşuyolu, Kadıköy",,125 m²
606,NOVACADDE'DEN ŞENESENEVLER'DE BALKONLU 3+1 SATILIK DAİRE,7000000,"Caferağa, Kadıköy",3+1,140 m²
607,Feneryolu Bağdat Caddesi Üzerinde Otoparklı Binada Satılık,5250000,"Göztepe, Kadıköy",1+1,117 m²
608,Fenerbahçe Marinaya Yakın 3+1 Satılık Daire,6280000,"Bostancı, Kadıköy",3+1,190 m²
609,Fenerbahçe Marinay Yakın Site İçerisinde Satılık Teraslı Dubleks,5450000,"Zühtüpaşa, Kadıköy",3+1,120 m²
610,"KADIKÖY, RASİMPAŞA'DA SATILIK DÜKKAN",240000000,"Kozyatağı, Kadıköy",,4172 m²
611,Feneryolu Özgürlük Parkı Karşı Sokak İçinde Kombili İskanlı,9950000,"Bostancı, Kadıköy",4+1,160 m²
612,ПРОДАЁТСЯ КВАРТИРА Excellence (Sur Yapı),20000000,"Fenerbahçe, Kadıköy",4+2,230 m²
613,Caddebostan da Bağdat caddesine 600 metre 4 yaş balkonlu kombili,13200000,"Suadiye, Kadıköy",4+2,230 m²
614,KADIKÖY BAHARİYE CADDESİ'NDE SATILIK 30 M2 KÖŞE DÜKKAN,10300000,"Suadiye, Kadıköy",4+1,165 m²
615,KADIKÖY (Yeldeğirmeni) KARAKOLHANE CD.'de 80m2 SATILIK DÜKKAN..,7295000,"Fenerbahçe, Kadıköy",2+1,82 m²
616,Kadiköy Zühtüpaşa'da Genç Binada 3 Cepheli 2+1 Daire,10300000,"Suadiye, Kadıköy",4+1,165 m²
617,Kalamış Marina Manzaralı Teraslı Sıfır Dubleks Daire,290000000,"Fenerbahçe, Kadıköy",,2987 m²
618,KADIKÖY EVİNPARK RESIDENCE SATILIK DENİZ MANZARALI 2+1 DAİRE,12000000,"19 Mayıs, Kadıköy",1+1,180 m²
619,,5975000,"Suadiye, Kadıköy",2+1,95 m²
620,BOSTANCI ŞENESENEVLER'DE NET: 30 m2 SATILIK DÜKKAN,13950000,"Zühtüpaşa, Kadıköy",,212 m²
621,Kadıköy Hasanpaşa'da Satılık,3750000,"Caferağa, Kadıköy",2+1,100 m²
622,MERDİVENKÖYDE SİTE İÇİ LÜX 3+1 165 M2,21500000,"Caddebostan, Kadıköy",4+2,300 m²
623,NOVACADDE'DEN BOSTANCI SENESENEVLER'DE PROJEDEN SATILIK DAİRE,8975000,"Suadiye, Kadıköy",3+1,130 m²
624,GÖZTEPE MİNİBBÜSE YAKIN 28 m2 YENİ DÜKKAN KOMBİLİ MUTFAKLI-WC'Lİ,7395000,"Erenköy, Kadıköy",3+1,165 m²
625,Fenerbahçe Çamlık Parkına Yakın 4+1 Satılık Daire,6650000,"Göztepe, Kadıköy",3+1,150 m²
626,Dinamik'ten Göztepe'de Ana Cadde Üzerinde Sıfır Geniş Dublex,4200000,"Koşuyolu, Kadıköy",,125 m²
627,NİL GAYRİMENKUL'DEN DEVREN SATILIK LOKANTA,7000000,"Caferağa, Kadıköy",3+1,140 m²
628,MERKEZİ KONUMDA 34 M2 DÜKKAN,5250000,"Göztepe, Kadıköy",1+1,117 m²
629,MERKEZİ KONUMDA 140 M2 DÜKKAN,6280000,"Bostancı, Kadıköy",3+1,190 m²
630,ANA CADDE ÜZERİNDE BANKA KİRACILI 510 M2 DÜKKAN,5450000,"Zühtüpaşa, Kadıköy",3+1,120 m²
631,MERKEZİ KONUMDA 65 M2 DÜKKAN,240000000,"Kozyatağı, Kadıköy",,4172 m²
632,KADIKÖY SERASKER CADDESİNDE 90 M2 DÜKKAN,9950000,"Bostancı, Kadıköy",4+1,160 m²
633,KADIKÖY ÇARŞISININ HAREKETLİ YERİNDE 180 M2 DÜKKAN,20000000,"Fenerbahçe, Kadıköy",4+2,230 m²
634,ANA CADDE ÜZERİNDE KİRACILI 110 M2 DÜKKAN,13200000,"Suadiye, Kadıköy",4+2,230 m²
635,ERENKÖY BAĞDAT CADDESİNE PARALEL 40 M2 DÜKKAN,10300000,"Suadiye, Kadıköy",4+1,165 m²
636,ERENKÖY ŞEMSETTİN GÜNALTAY CADDESİNE İKİNCİ BİNADA 80 M2 DÜKKAN,7295000,"Fenerbahçe, Kadıköy",2+1,82 m²
637,ERENKÖY BAĞDAT CADDESİNE PARALEL 35 M2 DÜKKAN,10300000,"Suadiye, Kadıköy",4+1,165 m²
638,MERKEZİ KONUMDA 225 M2 DÜKKAN,290000000,"Fenerbahçe, Kadıköy",,2987 m²
639,MERKEZİ KONUMDA KİRACILI 240 M2 DÜKKAN,12000000,"19 Mayıs, Kadıköy",1+1,180 m²
640,MERKEZİ KONUMDA 120 M2 DÜKKAN,5975000,"Suadiye, Kadıköy",2+1,95 m²
641,ANA CADDE ÜZERİNDE KİRACILI 450 M2 KOMPLE BİNA,13950000,"Zühtüpaşa, Kadıköy",,212 m²
642,KADIKÖY BAHARİYE CADDESİNE 50 METRE MESAFEDE 70 M2 DÜKKAN,3750000,"Caferağa, Kadıköy",2+1,100 m²
643,CADDEBOSTAN BAĞDAT CADDESİ ÜZERİNDE 130 M2 DÜKKAN,21500000,"Caddebostan, Kadıköy",4+2,300 m²
644,FENERYOLU DR.MUHİT TÜMERKAN SOKAKTA 200 M2 DAİRE,8975000,"Suadiye, Kadıköy",3+1,130 m²
645,ERENKÖY ÖMERPAŞA CADDESİ ÜZERİNDE 200 M2 VİLLA,7395000,"Erenköy, Kadıköy",3+1,165 m²
646,KADIKÖY ÇARŞISININ HAREKETLİ YERİNDE KİRACILI 280 M2 DÜKKAN,6650000,"Göztepe, Kadıköy",3+1,150 m²
647,KADIKÖY YELDEĞİRMENİ CAFELER BÖLGESİNDE 30 M2 DÜKKAN,4200000,"Koşuyolu, Kadıköy",,125 m²
648,MERKEZİ KONUMDA 35 M2 DÜKKAN,7000000,"Caferağa, Kadıköy",3+1,140 m²
649,ACIBADEM CADDESİ ÜZERİNDE 360 M2 DÜKKAN,5250000,"Göztepe, Kadıköy",1+1,117 m²
650,ANA CADDE ÜZERİNDE 25 M2 DÜKKAN,6280000,"Bostancı, Kadıköy",3+1,190 m²
651,KADIKÖY VİŞNE SOKAKTA 80 M2 DAİRE,5450000,"Zühtüpaşa, Kadıköy",3+1,120 m²
652,ANA CADDE ÜZERİNDE KİRACILI 100 M2 DÜKKAN,240000000,"Kozyatağı, Kadıköy",,4172 m²
653,KOZYATAĞI İNÖNÜ CADDESİ ÜZERİNDE 130 M2 DÜKKAN,9950000,"Bostancı, Kadıköy",4+1,160 m²
654,ANA CADDE ÜZERİNDE 48 M2 DÜKKAN,20000000,"Fenerbahçe, Kadıköy",4+2,230 m²
655,KADIKÖY HALİTAĞA CADDESİ ÜZERİNDE 165 M2 KÖŞK,13200000,"Suadiye, Kadıköy",4+2,230 m²
656,GÖZTEPE ŞAİR ARŞİ CADDESİ ÜZERİNDE KİRACILI 105 M2 DÜKKAN,10300000,"Suadiye, Kadıköy",4+1,165 m²
657,ŞAŞKINBAKKAL BAĞDAT CADDESİNE PARALEL180 M2 DÜKKAN,7295000,"Fenerbahçe, Kadıköy",2+1,82 m²
658,CADDEBOSTAN BAĞDAT CADDESİ ÜZERİNDE KİRACILI 80 M2 DÜKKAN,10300000,"Suadiye, Kadıköy",4+1,165 m²
659,SUADİYE BAĞDAT CADDESİ ÜZERİNDE 170 M2 DÜKKAN,290000000,"Fenerbahçe, Kadıköy",,2987 m²
660,ŞAŞKINBAKKAL BAĞDAT CADDESİ ÜZERİNDE 185 M2 OFİS,12000000,"19 Mayıs, Kadıköy",1+1,180 m²
661,ÇİFTEHAVUZLAR OPR.CEMİL TOPUZLU CADDESİ ÜZERİNDE 180 M2 MAĞAZA,5975000,"Suadiye, Kadıköy",2+1,95 m²
662,BAĞDAT CADDESİ ÜZERİNDE 65 M2 DÜKKAN,13950000,"Zühtüpaşa, Kadıköy",,212 m²
663,BAĞDAT CADDESİ ÜZERİNDE KİRACILI 120 M2 DÜKKAN,3750000,"Caferağa, Kadıköy",2+1,100 m²
664,SUADİYE BAĞDAT CADDESİ ÜZERİNDE KİRACILI 250 M2 DÜKKAN,21500000,"Caddebostan, Kadıköy",4+2,300 m²
665,BAĞDAT CADDESİ ÜZERİNDE 30 M2 DÜKKAN,8975000,"Suadiye, Kadıköy",3+1,130 m²
666,KADIKÖY RIHTIM CADDESİNE 150 METRE MESAFEDE 300 M2 DÜKKAN,7395000,"Erenköy, Kadıköy",3+1,165 m²
667,CADDEBOSTAN BAĞDAT CADDESİNDE 70 M2 DÜKKAN,6650000,"Göztepe, Kadıköy",3+1,150 m²
668,Cadde Bostan Cemil Topuzlu Caddesi Üzerinde Özel Dekorlu Daire,4200000,"Koşuyolu, Kadıköy",,125 m²
669,ALYA LİFE RESİDENCE PROJESİNDE 1+1 BOŞ OTURUMA HAZIR 71 m2,7000000,"Caferağa, Kadıköy",3+1,140 m²
670,RESİM 'den KENTPLUS KADIKÖY 3+1 TERASLI 220 m² SATILIK DAİRE,5250000,"Göztepe, Kadıköy",1+1,117 m²
671,Bostancı Deniz Otobüsüne çok yakın sahile 1.Binada 3+1 girişkatı,6280000,"Bostancı, Kadıköy",3+1,190 m²
672,,5450000,"Zühtüpaşa, Kadıköy",3+1,120 m²
673,,240000000,"Kozyatağı, Kadıköy",,4172 m²
674,,9950000,"Bostancı, Kadıköy",4+1,160 m²
675,Fenerbahçe Kapanmaz Deniz Marina Manzaralı Balkonlu 4+1 Sıfır,20000000,"Fenerbahçe, Kadıköy",4+2,230 m²
676,ACIBADEM CAD.3.BİNA PAZAR SOKAĞI 2+1 100m²ŞAHANE KONUMLU DAİRE,13200000,"Suadiye, Kadıköy",4+2,230 m²
677,ACIBADEM TEK YETKİLİDEN!! DÖRTYOL 7 YILLIK 2+1 85m²ŞAHANE DAİRE,10300000,"Suadiye, Kadıköy",4+1,165 m²
678,ACIBADEM METROSUNA 300m² MESAFEDE OTOPARKLI 4+2 135m²DUBLEXDAİRE,7295000,"Fenerbahçe, Kadıköy",2+1,82 m²
679,KADIKÖY MODA DA OTOPARKLI YENİ BİNADA FERAH 130m2 FIRSAT 3+1,10300000,"Suadiye, Kadıköy",4+1,165 m²
680,Sahrayı Cedit'de cadde üzerinde 3 yıllık binada 95 m2 3+1 daire,290000000,"Fenerbahçe, Kadıköy",,2987 m²
681,"Acıbadem Dörtyolda, 269 m2 Müstakil Arsalı, SATILIK Tarihi Eser",12000000,"19 Mayıs, Kadıköy",1+1,180 m²
682,,5975000,"Suadiye, Kadıköy",2+1,95 m²
683,"TAPU MASRAFSIZ, DENİZ MANZARALI 3+1 SIFIR SATILIK DAİRE",13950000,"Zühtüpaşa, Kadıköy",,212 m²
684,,3750000,"Caferağa, Kadıköy",2+1,100 m²
685,,21500000,"Caddebostan, Kadıköy",4+2,300 m²
686,,8975000,"Suadiye, Kadıköy",3+1,130 m²
687,"GÖZTEPE MİNÜBÜSE YAKIN 165M2 EBEVENY BANYOLU,MANTOLAMALI GENÇ Bİ",7395000,"Erenköy, Kadıköy",3+1,165 m²
688,GÖZTEPE ÖZGÜRLÜK PARKINA YAKIN 4 YILLIK 118M2 BALKONLU LÜKS,6650000,"Göztepe, Kadıköy",3+1,150 m²
689,Kadıköy Moda Sarraf Ali Sokak'ta Eşyalı Satılık 2+1 Daire,4200000,"Koşuyolu, Kadıköy",,125 m²
690,Çiftehavuzlar Sahil Büyük Kulüp Yakın 4+1 Yeni Bina,7000000,"Caferağa, Kadıköy",3+1,140 m²
691,Selamiçeşme Özgürlük Parkına Yakın Masrafsız 3+1 Balkonlu,5250000,"Göztepe, Kadıköy",1+1,117 m²
692,Bostancı Deniz Otobüsüne çok yakın sahile 1.Binada 3+1 girişkatı,6280000,"Bostancı, Kadıköy",3+1,190 m²
693,,5450000,"Zühtüpaşa, Kadıköy",3+1,120 m²
694,Fenerbahçe Cemiltopuzlu Caddesi 3+1 Satılık Daire,240000000,"Kozyatağı, Kadıköy",,4172 m²
695,Kadıköy Hasırcı Başında Teraslı Satılık Daire,9950000,"Bostancı, Kadıköy",4+1,160 m²
696,SUADİYE SAHİLDE 100M2 KOMBİLİ BALKONLU ULTRA LÜKS,20000000,"Fenerbahçe, Kadıköy",4+2,230 m²
697,Feneryolu' nda içi tamamen yenilenmiş 3+1 satılık daire..,13200000,"Suadiye, Kadıköy",4+2,230 m²
698,CENTURY21'DEN BAĞDAT CAD ÇOK YAKIN YENİ BİNADA 2+1 SATILIK,10300000,"Suadiye, Kadıköy",4+1,165 m²
699,,7295000,"Fenerbahçe, Kadıköy",2+1,82 m²
700,,10300000,"Suadiye, Kadıköy",4+1,165 m²
701,,290000000,"Fenerbahçe, Kadıköy",,2987 m²
702,"Bağdat Caddesine Yürüme Mesafesinde Katta Tek 4,5+1 Daire",12000000,"19 Mayıs, Kadıköy",1+1,180 m²
703,"GÖZTEPE ŞEHİR HASTANESİNE YAKIN,KOMBİLİ 3. KAT MASRAFSIZ .",5975000,"Suadiye, Kadıköy",2+1,95 m²
704,,13950000,"Zühtüpaşa, Kadıköy",,212 m²
705,CenkCaddede Fenerbahçe Iğrıp Sokak Fırsat 1+1,3750000,"Caferağa, Kadıköy",2+1,100 m²
706,İSTANBULDA SATILIK DAİRE,21500000,"Caddebostan, Kadıköy",4+2,300 m²
707,Kozyatağı Atatürk Caddesi'ne Cepheli İş Merkezinde Özel İşyeri,8975000,"Suadiye, Kadıköy",3+1,130 m²
708,CENTURY 21.SAHRA'DAN MİNİBÜS CAD.ÇOK YAKIN İÇİ YAPILI 3+1,7395000,"Erenköy, Kadıköy",3+1,165 m²
709,KADIKÖY HALİTAĞA CADDESİ'NDE SATILIK 3+1 DAİRE,6650000,"Göztepe, Kadıköy",3+1,150 m²
710,"Koşuyolunda, Sıfır Binada, Deniz Ve Şehir Manzaralı 4+2",4200000,"Koşuyolu, Kadıköy",,125 m²
711,FAHRETTİN KERİM GÖKAY CADDESİ ÜZERİNDE 1100 M2 KOMPLE BİNA,7000000,"Caferağa, Kadıköy",3+1,140 m²
712,GÖZTEPE FAHRETTİN KERİM GÖKAY CADDESİ ÜZERİNDE 250 M2 DÜKKAN,5250000,"Göztepe, Kadıköy",1+1,117 m²
713,ANA CADDE ÜZERİNDE KİRACILI 500 M2 DÜKKAN,6280000,"Bostancı, Kadıköy",3+1,190 m²
714,KADIKÖY ÇARŞISININ HAREKETLİ YERİNDE 300 M2 DÜKKAN,5450000,"Zühtüpaşa, Kadıköy",3+1,120 m²
715,TEK YETKİLİ CENTURY 21.SAHRA'DAN KAYASULTAN SOKAKTA YATIRIMLIK,240000000,"Kozyatağı, Kadıköy",,4172 m²
716,,9950000,"Bostancı, Kadıköy",4+1,160 m²
717,GÖZTEPE BAĞDAT CADDESİNDE SATILIK DAİRE 3+1 İŞYERİ OFİS,20000000,"Fenerbahçe, Kadıköy",4+2,230 m²
718,,13200000,"Suadiye, Kadıköy",4+2,230 m²
719,,10300000,"Suadiye, Kadıköy",4+1,165 m²
720,Kızıltoprak Bağdat Caddesi Yakın Satılık 2+1 Daire,7295000,"Fenerbahçe, Kadıköy",2+1,82 m²
721,MERDİVENKÖY PARK MEDİKAL HAST YAKIN 135 M2 TERTEMİZ KİRACILI .,10300000,"Suadiye, Kadıköy",4+1,165 m²
722,,290000000,"Fenerbahçe, Kadıköy",,2987 m²
723,Caddebostan Taş mektep Sokak Balkonlu Kombili 3+1 Satılık,12000000,"19 Mayıs, Kadıköy",1+1,180 m²
724,Fenerbahçe Cemiltopulzu Caddesi 3+1 Balkonlu Daire,5975000,"Suadiye, Kadıköy",2+1,95 m²
725,Fenerbaheçe Kalamış Marinaya Kahve Dünyasına Yakın 3+1,13950000,"Zühtüpaşa, Kadıköy",,212 m²
726,Fenerbahçe Starbucks Yakın Ön Kullanımlı Dükkan,3750000,"Caferağa, Kadıköy",2+1,100 m²
727,Fenerbahçe Kahve Dünyası Sütiş Yakın Satılık Daire,21500000,"Caddebostan, Kadıköy",4+2,300 m²
728,,8975000,"Suadiye, Kadıköy",3+1,130 m²
729,Erenköy'de Satılık Kentsel Dönüşümde Yatırımlık Daire,7395000,"Erenköy, Kadıköy",3+1,165 m²
730,ALKAYA-YETKİLİ-SUADİYE'DE SATILIK 3+1 DAİRE HAVUZLU/YEŞİL ALANLI,6650000,"Göztepe, Kadıköy",3+1,150 m²
731,,4200000,"Koşuyolu, Kadıköy",,125 m²
732,Suadiye Sahil Deniz Manzaralı Teraslı Dubleks Daire,7000000,"Caferağa, Kadıköy",3+1,140 m²
733,Fenerbahçe Deniz ve Marina Manzaralı Yatırımlık Satılık Daire,5250000,"Göztepe, Kadıköy",1+1,117 m²
734,19 MAYIS MAHALLESİNDE İÇİ TAMAMEN YENİLENMİŞ 3+1 100M2 NET,6280000,"Bostancı, Kadıköy",3+1,190 m²
735,KALAMIŞTA SATILIK EŞSİZ YALI DAİRESİ,5450000,"Zühtüpaşa, Kadıköy",3+1,120 m²
736,KOZYATAĞINDA BAYAR CAD. SIFIR EBEVEYN BANYOLU ÖN CEPHE 3+1 DAİRE,240000000,"Kozyatağı, Kadıköy",,4172 m²
737,KADIKÖY BOĞA İLE RIHTIM ARASINDA SATILIK DÜKKAN & MAĞAZA,9950000,"Bostancı, Kadıköy",4+1,160 m²
738,Feneryolu Yazıcıbaşı Sokak Kamelya'ya Yakın 4+1 Daire,20000000,"Fenerbahçe, Kadıköy",4+2,230 m²
739,Feneryolu Bağdat Caddesi Üzerinde Tabela Değerli Ofis,13200000,"Suadiye, Kadıköy",4+2,230 m²
740,2+1 Yeni Sıfır Ziverbey Müjdat Gezen KarşısıCaddeye 2. Bina,10300000,"Suadiye, Kadıköy",4+1,165 m²
741,,7295000,"Fenerbahçe, Kadıköy",2+1,82 m²
742,YAŞAR EMLAK'TAN KENT PLUS KADIKÖY 1 + 0 SATILIK RESİDİNCE DAİRE,10300000,"Suadiye, Kadıköy",4+1,165 m²
743,,290000000,"Fenerbahçe, Kadıköy",,2987 m²
744,Ethem Efendi Çamlıköşk Sk. Vatandaşlığa Uygun Satılık 3+1 Daire,12000000,"19 Mayıs, Kadıköy",1+1,180 m²
745,SAHRAYICEDİT MAHALLESİ ATATÜRK CADDESİNDE SATILIK 3+1 DAİRE,5975000,"Suadiye, Kadıköy",2+1,95 m²
746,,13950000,"Zühtüpaşa, Kadıköy",,212 m²
747,Fenerbahçe Ayanoğlu Bağdat Cad. Yakın Katta Tek Geniş Balkon,3750000,"Caferağa, Kadıköy",2+1,100 m²
748,Göztepe Bağdat Caddesi Yakın Konumda Balkonlu 3+1,21500000,"Caddebostan, Kadıköy",4+2,300 m²
749,KOZZY'YE YAKIN MODERN VE ÖZEL YAPIM SATILIK ÇATI DUBLEKSİ,8975000,"Suadiye, Kadıköy",3+1,130 m²
750,Suadiye /Bağdat Caddesi 3+1 Özel Tasarımlı Satılık Daire,7395000,"Erenköy, Kadıköy",3+1,165 m²
751,BAĞDAT CADDESİ ÜZERİNDE İŞ YERİ VE KONUTA UYGUN DAİRE,6650000,"Göztepe, Kadıköy",3+1,150 m²
752,,4200000,"Koşuyolu, Kadıköy",,125 m²
753,ERENKÖY Bağdat'a cok yakın ELİT Apt Satılık 150m² Deniz Manzaral,7000000,"Caferağa, Kadıköy",3+1,140 m²
754,KALAMIŞ SAHİLDE SATILIK EMSALSİZ 2 KATLI RESTORAN,5250000,"Göztepe, Kadıköy",1+1,117 m²
755,Kadıköy Feneryolu'da Satılık Dükkan / Mağaza,6280000,"Bostancı, Kadıköy",3+1,190 m²
756,KADIKÖY BOĞA İLE RIHTIM ARASINDA SATILIK DÜKKAN & MAĞAZA,5450000,"Zühtüpaşa, Kadıköy",3+1,120 m²
757,Yenitepe Evim Kadıköy Residence Yüzme Havuz Güvenlik Satılık 2+1,240000000,"Kozyatağı, Kadıköy",,4172 m²
758,Göztepe Marmaray'a 140 metre Mesafede Satılık 3+1 Daire,9950000,"Bostancı, Kadıköy",4+1,160 m²
759,KADIKÖY BOĞA İLE RIHTIM ARASINDA SATILIK DÜKKAN & MAĞAZA,20000000,"Fenerbahçe, Kadıköy",4+2,230 m²
760,,13200000,"Suadiye, Kadıköy",4+2,230 m²
761,Kadıköy Caddebostan'da  Kiracılı Satılık Daire,10300000,"Suadiye, Kadıköy",4+1,165 m²
762,,7295000,"Fenerbahçe, Kadıköy",2+1,82 m²
763,,10300000,"Suadiye, Kadıköy",4+1,165 m²
764,GÖZTEPEDE YEŞİLLİKLER İÇİNDE SATILIK DAİRE,290000000,"Fenerbahçe, Kadıköy",,2987 m²
765,Caddebostan Sahil Deniz Manzaralı Teraslı Dubleks Daire,12000000,"19 Mayıs, Kadıköy",1+1,180 m²
766,,5975000,"Suadiye, Kadıköy",2+1,95 m²
767,Bahariye Caddesine Yakın Asansörlü Binada Ofis,13950000,"Zühtüpaşa, Kadıköy",,212 m²
768,KOZYATAĞINDA YENİ BİNADA HAVUZLU 3+1 100M2 NET,3750000,"Caferağa, Kadıköy",2+1,100 m²
769,Kadıköy Caferağa Mahallesinde Yatırım İçin 1+1 Satılık Daire,21500000,"Caddebostan, Kadıköy",4+2,300 m²
770,,8975000,"Suadiye, Kadıköy",3+1,130 m²
771,,7395000,"Erenköy, Kadıköy",3+1,165 m²
772,PRESTİJLİ SOKAKTA BAHÇE KULLANIMLI GENİŞ SATILIK DAİRE,6650000,"Göztepe, Kadıköy",3+1,150 m²
773,KADIKÖY SUADİYEDE BAĞDAT CADDESİNE 1.PARALELDE BÜYÜK DÜKKAN!!,4200000,"Koşuyolu, Kadıköy",,125 m²
774,Bağdat Caddesi Erenköy Merkezde Yatırımlık Sıfır 4+1 Daire!!,7000000,"Caferağa, Kadıköy",3+1,140 m²
775,Göztepe Marmaray İstasyonu Yakın 3+1 Sıfır Daire,5250000,"Göztepe, Kadıköy",1+1,117 m²
776,KOZYATAĞI NDA GENİŞ KAPALI BALKONLU EBEVEYN BANYOLU SIFIR 3+1 DA,6280000,"Bostancı, Kadıköy",3+1,190 m²
777,MANAVGAT HOCALAR BÖLGESİNDE SATILIK BENZİN İSTASYONU ARSASI,5450000,"Zühtüpaşa, Kadıköy",3+1,120 m²
778,C.BOSTAN SAHİLDE SIFIR 390M2 DENİZ MANZARALI İSKANLI DUBLEKS,240000000,"Kozyatağı, Kadıköy",,4172 m²
779,BOSTANCI'DA MERKEZİ KONUMDA 3+1 FERAH ARAKAT DAİRE,9950000,"Bostancı, Kadıköy",4+1,160 m²
780,6736 Rengarenk'ten Zühtüpaşa'da 3 Daireli 2 Dükkanlı İmara açıkı,20000000,"Fenerbahçe, Kadıköy",4+2,230 m²
781,GÖZTEPE TÜTÜNCÜ MEHMET EFENDİ CADDESİNDE 3+1 FUL YENİLENMİŞ LÜX,13200000,"Suadiye, Kadıköy",4+2,230 m²
782,CEMİL TOPUZLU CADDESİ ÜZERİNDE DENİZ MANZARALI ŞIK DAİRE,10300000,"Suadiye, Kadıköy",4+1,165 m²
783,KOŞUYOLU ANA CADDEYE PARALEL BAHÇELİ OTOPARKLI DUBLEKS EV,7295000,"Fenerbahçe, Kadıköy",2+1,82 m²
784,SATILIK  SUADİYEDE MİNÜBÜS ALTINDA SIFIR 2+1 ARAKAT ÖN CEPHE,10300000,"Suadiye, Kadıköy",4+1,165 m²
785,DİNAMİK'TEN  FENERYOLUN'DA DENİZ  MANZARALI 2+1 SATILIK DAİRE,290000000,"Fenerbahçe, Kadıköy",,2987 m²
786,Feneryolu Bağdat Caddesi 2. Bina Geniş Balkonlu 3+1,12000000,"19 Mayıs, Kadıköy",1+1,180 m²
787,KADIKÖY CAFERAĞA'DA SATILIK 2+1 DAİRE,5975000,"Suadiye, Kadıköy",2+1,95 m²
788,,13950000,"Zühtüpaşa, Kadıköy",,212 m²
789,,3750000,"Caferağa, Kadıköy",2+1,100 m²
790,,21500000,"Caddebostan, Kadıköy",4+2,300 m²
791,,8975000,"Suadiye, Kadıköy",3+1,130 m²
792,GÖSTEPEDE SIFIR DAİREDE 3+1 NET 95M2,7395000,"Erenköy, Kadıköy",3+1,165 m²
793,,6650000,"Göztepe, Kadıköy",3+1,150 m²
794,GÖZTEPE BAĞDAT CADDESİNDE Satılık 3+1 Daire Ofis Kat,4200000,"Koşuyolu, Kadıköy",,125 m²
795,,7000000,"Caferağa, Kadıköy",3+1,140 m²
796,Kadıköy Kuyubaşı Satılık Dükkan  220m2 Toplam Asma Katlı,5250000,"Göztepe, Kadıköy",1+1,117 m²
797,Şaşkınbakkal Bağdat Caddesi 2. Bina Balkonlu Masrafsız,6280000,"Bostancı, Kadıköy",3+1,190 m²
798,Ethemefendi Caddesi Teraslı Dubleks Daire,5450000,"Zühtüpaşa, Kadıköy",3+1,120 m²
799,Suadiye Sahil Bahçe Kullanımlı Masrafsız Satılık,240000000,"Kozyatağı, Kadıköy",,4172 m²
800,SUADİYE ÇATALÇEŞME DE KDV AVANTAJLI SATILIK OFİS KATI!!,9950000,"Bostancı, Kadıköy",4+1,160 m²
801,,20000000,"Fenerbahçe, Kadıköy",4+2,230 m²
802,Fenerbahçe Kalamış Marina Lebiderya Manzaralı 4+1,13200000,"Suadiye, Kadıköy",4+2,230 m²
803,Caddebostan Bağdat Caddesi 1. Paralel Sokak 4+1 Satılık,10300000,"Suadiye, Kadıköy",4+1,165 m²
804,SUADİYE KAPTAN ARİF SOKAKTA SİTE ÖZELLİKLİ 165 M2 DAİRE,7295000,"Fenerbahçe, Kadıköy",2+1,82 m²
805,SUADİYE ŞEMSETTİN GÜNALTAY CADDESİ ÜZERİNDE 180 M2 DÜKKAN,10300000,"Suadiye, Kadıköy",4+1,165 m²
806,ANA CADDE ÜZERİNDE KİRACILI 140 M2 DÜKKAN,290000000,"Fenerbahçe, Kadıköy",,2987 m²
807,KADIKÖY RIHTIM CADDESİ ÜZERİNDE 2100 M2 KOMPLE BİNA,12000000,"19 Mayıs, Kadıköy",1+1,180 m²
808,SELAMİÇEŞME BAĞDAT CADDESİ ÜZERİNDE 230 M2 OFİS,5975000,"Suadiye, Kadıköy",2+1,95 m²
809,ŞAŞKINBAKKAL NOTER SOKAKTA KİRACILI 65 M2 DÜKKAN,13950000,"Zühtüpaşa, Kadıköy",,212 m²
810,ANA CADDE ÜZERİNDE KİRACILI 300 M2 DÜKKAN,3750000,"Caferağa, Kadıköy",2+1,100 m²
811,KADIKÖY ÇARŞISININ HAREKETLİ YERİNDE 600 M2 KOMPLE BİNA,21500000,"Caddebostan, Kadıköy",4+2,300 m²
812,MERKEZİ KONUMDA 35 M2 DÜKKAN,8975000,"Suadiye, Kadıköy",3+1,130 m²
813,KADIKÖY YELDEĞİRMENİ CAFELER BÖLGESİNDE 175 M2 DÜKKAN,7395000,"Erenköy, Kadıköy",3+1,165 m²
814,KADIKÖY ALTIYOL SÖĞÜTLÜ ÇEŞME CADDESİ ÜZERİNDE 500 M2 DÜKKAN,6650000,"Göztepe, Kadıköy",3+1,150 m²
815,GÖZTEPE TÜTÜNCÜ MEHMET EFENDİ CADDESİ ÜZERİNDE 70 M2 DÜKKAN,4200000,"Koşuyolu, Kadıköy",,125 m²
816,ŞEMSETTİN GÜNALTAY CADDESİ ÜZERİNDE KİRACILI 70 M2 DÜKKAN,7000000,"Caferağa, Kadıköy",3+1,140 m²
817,ŞAŞKINBAKKAL BAĞDAT CADDESİ ÜZERİNDE KİRACILI 800 M2 MAĞAZA,5250000,"Göztepe, Kadıköy",1+1,117 m²
818,CADDEBOSTAN HALDUN TANER SOKAKTA 300 M2 DÜKKAN,6280000,"Bostancı, Kadıköy",3+1,190 m²
819,BOSTANCI PROF.DR.ALİ NİHAT TARLAN CADDESİ ÜZERİNDE 70 M2 DÜKKAN,5450000,"Zühtüpaşa, Kadıköy",3+1,120 m²
820,KADIKÖY MÜHÜRDAR CADDESİ ÜZERİNDE KİRACILI 1300 M2 KOMPLE BİNA,240000000,"Kozyatağı, Kadıköy",,4172 m²
821,ACIBADEM CADDESİ ÜZERİNDE KİRACILI 600 M2 MAĞAZA,9950000,"Bostancı, Kadıköy",4+1,160 m²
822,ANA CADDE ÜZERİNDE 450 M2 KOMPLE BİNA,20000000,"Fenerbahçe, Kadıköy",4+2,230 m²
823,ŞEMSETTİN GÜNALTAY CADDESİ ÜZERİNDE KİRACILI 180 M2 DÜKKAN,13200000,"Suadiye, Kadıköy",4+2,230 m²
824,KADIKÖY ÇARŞISININ HAREKETLİ YERİNDE 15 M2 DÜKKAN,10300000,"Suadiye, Kadıköy",4+1,165 m²
825,SELAMİÇEŞME BAĞDAT CADDESİNE İKİNCİ BİNADA 110 M2 DÜKKAN,7295000,"Fenerbahçe, Kadıköy",2+1,82 m²
826,Bağdat Cad. Çok Yakın Güvenlik Binada Satılık Daire,10300000,"Suadiye, Kadıköy",4+1,165 m²
827,KADIKÖY HALİTAĞA CADDESİ'NDE SATILIK BAHÇELİ MÜSTAKİL BİNA,290000000,"Fenerbahçe, Kadıköy",,2987 m²
828,,12000000,"19 Mayıs, Kadıköy",1+1,180 m²
829,KADIKÖY KARAKOLHANE CADDESİ'NDE KOMPLE SATILIK BİNA,5975000,"Suadiye, Kadıköy",2+1,95 m²
830,,13950000,"Zühtüpaşa, Kadıköy",,212 m²
831,Fenerbahçe Yeni Binada 3+2 Dubleks Satılık Daire,3750000,"Caferağa, Kadıköy",2+1,100 m²
832,TURYAP GÖZTEPE DEN BOSTANCI GÖSTERİ MERKEZİ 3+1 SATILIK DAİRE,21500000,"Caddebostan, Kadıköy",4+2,300 m²
833,KOZYATAĞINDA SAKİN SOKAKTA BAKIMLI 2.KAT KOMBİLİ 3+1 DAİRE,8975000,"Suadiye, Kadıköy",3+1,130 m²
834,KADIKÖY HALİTAĞA CADDESİ'NDE SATILIK KOMPLE BİNA,7395000,"Erenköy, Kadıköy",3+1,165 m²
835,,6650000,"Göztepe, Kadıköy",3+1,150 m²
836,KIRACILI BOSTANCI KOCAYOL CAD. HABITAT POINT 4+1 HAVUZLU 150 M2,4200000,"Koşuyolu, Kadıköy",,125 m²
837,GÖZTEPE'DE YATIRIMLIK SATILIK DAİRE,7000000,"Caferağa, Kadıköy",3+1,140 m²
838,GÖZTEPE BAĞDAT CAD.YÜRÜME MESAFESİN DE SATILIK 4+1 DAİRE!!,5250000,"Göztepe, Kadıköy",1+1,117 m²
839,Planet Emlak'tan Acıbadem Caddesi Betül Sokakta 3+1 Daire,6280000,"Bostancı, Kadıköy",3+1,190 m²
840,SATILIK SUADİYE GENÇ BİNADA MİMARİ NİTELİĞİ YÜKSEK 4+1 DAİRE,5450000,"Zühtüpaşa, Kadıköy",3+1,120 m²
841,TURYAP'TAN MERDİVENKÖY DR.ERKİN CADDESİNDE SATILIK 3+1 DAİRE,240000000,"Kozyatağı, Kadıköy",,4172 m²
842,TURYAP'TAN MERDİVENKÖY'DE NEZİH BİR SOKAKTA SATILIK 3+1 DAİRE,9950000,"Bostancı, Kadıköy",4+1,160 m²
843,ALKAYA'DAN SUADİYE'DE 3+1 SATILIK DAİRE-BALKONLU-ÇİFT BANYOLU,20000000,"Fenerbahçe, Kadıköy",4+2,230 m²
844,ALKAYA'DAN KOZYATAĞI'NDA SATILIK BALKONLU DAİRE 110 M² NET 3+1,13200000,"Suadiye, Kadıköy",4+2,230 m²
845,ALKAYA'DAN GÖZTEPE'DE MARMARAYA YAKIN 85M² NET 2+1 SATILIK DAİRE,10300000,"Suadiye, Kadıköy",4+1,165 m²
846,ALKAYA'DAN SUADİYE ŞAŞKINBAKKAL'DA SATILIK 3+1 DAİRE- 120 M² NET,7295000,"Fenerbahçe, Kadıköy",2+1,82 m²
847,ALKAYA-SUADİYE'DE BAĞDAT'A 250 METRE 2+1 SATILIK BALKONLU DAİRE,10300000,"Suadiye, Kadıköy",4+1,165 m²
848,ALKAYA / SUADİYE MARMARAYA 3 DK BAĞDAT'A 4 DK SATILIK 1+1 DAİRE,290000000,"Fenerbahçe, Kadıköy",,2987 m²
849,ALKAYA'DAN SUADİYE BAĞDAT YAKININDA SATILIK 3+1 LÜKS DAİRE,12000000,"19 Mayıs, Kadıköy",1+1,180 m²
850,ALKAYA'DAN SUADİYE'DE SİTE İÇİNDE SATILIK 2+1 YENİ DAİRE,5975000,"Suadiye, Kadıköy",2+1,95 m²
851,,13950000,"Zühtüpaşa, Kadıköy",,212 m²
852,Bostancı Residence & Güvenlikli Site İçinde 3+1 Satılık Daire %,3750000,"Caferağa, Kadıköy",2+1,100 m²
853,SUADİYE EMİNALİPAŞA CAD.40+40m2 BAHÇELİ İSKANLI SATILIK DÜKKAN,21500000,"Caddebostan, Kadıköy",4+2,300 m²
854,ALKAYA-SUADİYE'DE GENÇ BİNADA 2+1 85M² NET SATILIK DAİRE,8975000,"Suadiye, Kadıköy",3+1,130 m²
855,ALKAYA-GÖZTEPE BAĞDAT CAD YAKINI 4+1 ULTRALÜKS SATILIK DAİRE,7395000,"Erenköy, Kadıköy",3+1,165 m²
856,ALKAYA-EMİNALİPAŞA CAD. 2.BİNA 4 YAŞINDA 2+1 80M² SATILIK DAİRE,6650000,"Göztepe, Kadıköy",3+1,150 m²
857,ALKAYA- SUADİYE ŞAŞKINDA SATILIK 105M² NET 3+1 BALKONLU DAİRE,4200000,"Koşuyolu, Kadıköy",,125 m²
858,ALKAYA'DAN SUADİYE ŞAŞKINBAKKAL'DA SATILIK 3+1 DAİRE- 120 M² NET,7000000,"Caferağa, Kadıköy",3+1,140 m²
859,ALKAYA-SUADİYE SATILIK DENİZ MANZARALI 3+1 170 M2 İSKANLI LÜKS !,5250000,"Göztepe, Kadıköy",1+1,117 m²
860,ALKAYA'DAN SUADİYE'DE 2001 YAPIMI 115M² NET 3+1 SATILIK DAİRE,6280000,"Bostancı, Kadıköy",3+1,190 m²
861,ALKAYA-BAĞDAT CADDESİNE 4DK GENÇ BİNADA 3+1 SATILIK DAİRE,5450000,"Zühtüpaşa, Kadıköy",3+1,120 m²
862,ALKAYA-BAĞDATA YAKIN LÜX HAVUZLU SUADİYE'DE 3+1 SATILIK DAİRE,240000000,"Kozyatağı, Kadıköy",,4172 m²
863,ALKAYA-FIRSAT/BAĞDAT CADDESİNE 4.BİNA/HAVUZLU/160M² NET 4+1 SATI,9950000,"Bostancı, Kadıköy",4+1,160 m²
864,ALKAYA- AYŞEKADINDA 100M² 3+1 HAVUZLU SATILIK DAİRE,20000000,"Fenerbahçe, Kadıköy",4+2,230 m²
865,ALKAYA-SUADİYE GENÇ BİNADA HAVUZ 4+1 2 OTOPARK SATILIK DAİRE,13200000,"Suadiye, Kadıköy",4+2,230 m²
866,ALKAYA- CADDEYE 8. BİNA 2 TERAS 3+2 SATILIK DENİZ MANZALARI DAİR,10300000,"Suadiye, Kadıköy",4+1,165 m²
867,Merdivenköy Onay Sitesi'nde Kapanmaz Manzaralı Satılık 3+1 Daire,7295000,"Fenerbahçe, Kadıköy",2+1,82 m²
868,Kadıköy Fikirtepe'de Satılık Rezidans,10300000,"Suadiye, Kadıköy",4+1,165 m²
869,ALKAYA- ERENKÖY'DE GENÇ BİNADA 4+1 140M² NET SATILIK DAİRE,290000000,"Fenerbahçe, Kadıköy",,2987 m²
870,ALKAYA-KALAMIŞ MARİNA 3+1 GENİŞ MUTFAKLI SATILIK DAİRE,12000000,"19 Mayıs, Kadıköy",1+1,180 m²
871,,5975000,"Suadiye, Kadıköy",2+1,95 m²
872,,13950000,"Zühtüpaşa, Kadıköy",,212 m²
873,Kadıköy Fikirtepe'de Satılık Rezidans,3750000,"Caferağa, Kadıköy",2+1,100 m²
874,ALKAYA- GÖZTEPEDE 4+1 KATTA TEK GENÇ BİNADA 180M² NET SATILIK,21500000,"Caddebostan, Kadıköy",4+2,300 m²
875,Moda Caferağa'da Sahile Yakın 3+1 Keyifli Bahçe Katı Daire,8975000,"Suadiye, Kadıköy",3+1,130 m²
876,SAHRAYICEDİD'TE YÜKSEK KATTA EBEVEYN BANYOLU 115 M2 İSKANLI,7395000,"Erenköy, Kadıköy",3+1,165 m²
877,Fenerbahçe Kalamış Wyndham Otel Yakın Yüzme Havuzlu 4+1,6650000,"Göztepe, Kadıköy",3+1,150 m²
878,Fenerbahçe Çamlık Parkına Cepheli Katta Tek,4200000,"Koşuyolu, Kadıköy",,125 m²
879,Fikirtepe Torkam Projesin de Ebeveyn Banyolu Satılık 2+1 Daire,7000000,"Caferağa, Kadıköy",3+1,140 m²
880,Fikirtepe Kiptaş Torkam Projesin de Satılık 2+1 Daire,5250000,"Göztepe, Kadıköy",1+1,117 m²
881,Fikirtepe Kiptaş Torkam projesin de Satılık 2+1 daire,6280000,"Bostancı, Kadıköy",3+1,190 m²
882,Kadıköy 6 Yol Meydanda Üç Cepheli Ofis,5450000,"Zühtüpaşa, Kadıköy",3+1,120 m²
883,,240000000,"Kozyatağı, Kadıköy",,4172 m²
884,FENERYOLUNDA PARKA YAKIN SIFIRLANMIŞ 125 M2 BALKONLU,9950000,"Bostancı, Kadıköy",4+1,160 m²
885,CENTURY21.SAHRA'DAN AYŞEKADIN'DA 4 YILLIK 3+1 HAVUZLU İÇİ YAPILI,20000000,"Fenerbahçe, Kadıköy",4+2,230 m²
886,CADDEBOSTAN'DA MÜKEMMEL 5+2 GENİŞ M2 GÜNEY CEPHE DUBLEKS DAİRE,13200000,"Suadiye, Kadıköy",4+2,230 m²
887,BAĞDAT CADDESİNE İKİNCİ BİNADA MERKEZİ KONUMLU 3+1 EŞYASZ SATILK,10300000,"Suadiye, Kadıköy",4+1,165 m²
888,Fikirtepe Alyalife Projesinde Satılık Geniş Balkonlu geniş 3+1,7295000,"Fenerbahçe, Kadıköy",2+1,82 m²
889,Fikirtepe Şua'da Ebeveyn Banyolu Kapalı Mutfak 92 m2 net Boş,10300000,"Suadiye, Kadıköy",4+1,165 m²
890,Fikirtepe Şua'da Hiç Kullanılmamış Net 92 m2 Kapalı Mutfak Boş,290000000,"Fenerbahçe, Kadıköy",,2987 m²
891,"İSKANLI, BALKONLU, 3+1 SATILIK DAİRE (Yabancı Satışına Uygundur)",12000000,"19 Mayıs, Kadıköy",1+1,180 m²
892,"Rasımpaşa'da ozel mobilyalı, bakımlı 3+1 satılık daire",5975000,"Suadiye, Kadıköy",2+1,95 m²
893,"19 MAYIS mah. SIFIR KULANIŞLI 2+1, MANZARALI",13950000,"Zühtüpaşa, Kadıköy",,212 m²
894,Sea and Çamlıca View in Acıbadem **TURKISH CITIZENSHIP,3750000,"Caferağa, Kadıköy",2+1,100 m²
895,SUADİYE AYŞEÇAVUŞ'DA SIFIR BİNA SATILIK 2+1 DAİRE,21500000,"Caddebostan, Kadıköy",4+2,300 m²
896,KOŞUYOLU MÜSTAKİLLERİNDE İSTER KONUT İSTER İŞYERİ,8975000,"Suadiye, Kadıköy",3+1,130 m²
897,"ÖZEL MİMARİ DEKORLU, BALKONLU, İSKANLI 3+1 SATILIK FIRSAT DAİRE",7395000,"Erenköy, Kadıköy",3+1,165 m²
898,CENTURY21.SAHRA'DAN C.BOSTAN SAHİLDE 5+2 DUBLEKS DENİZ MANZARALI,6650000,"Göztepe, Kadıköy",3+1,150 m²
899,CENTURY 21.SAHRA'DAN BAĞDAT'A ÇOK YAKIN 4+1 FULL YAPILI HAVUZLU,4200000,"Koşuyolu, Kadıköy",,125 m²
900,KOZYATAĞI KAYASULTAN SOKAK'TA 110m2 NET KULLANIMLI 3+1 5 YILLIK,7000000,"Caferağa, Kadıköy",3+1,140 m²
901,CENTURY21.SAHRA'DAN AYŞEKADIN'DA 4 YILLIK 3+1 HAVUZLU İÇİ YAPILI,5250000,"Göztepe, Kadıköy",1+1,117 m²
902,CENTURY 21.SAHRA'DAN KAYA SİTESİNDE 3+1ÇOCUK OYUN PARKI&GÜVENLİK,6280000,"Bostancı, Kadıköy",3+1,190 m²
903,KOZYATAĞINDA KATTA TEK 125M2 NET 3+1 YENİ BİNA,5450000,"Zühtüpaşa, Kadıköy",3+1,120 m²
904,CENTURY 21.SAHRA'DAN SUADİYE'DE BAHÇE KULLANIMLI 2+1 İÇİ YAPILI,240000000,"Kozyatağı, Kadıköy",,4172 m²
905,"YENİ BİNADA, EBEVEYN BANYOLU 2+1 SATILIK DAİRE",9950000,"Bostancı, Kadıköy",4+1,160 m²
906,,20000000,"Fenerbahçe, Kadıköy",4+2,230 m²
907,KOZZY AVM YAKINI İÇİ TAMAMEN YENİLENMİŞ 3+1 100M2,13200000,"Suadiye, Kadıköy",4+2,230 m²
908,Erenköy Nimet Ekşioğlu Sokak Satılık 3+1 Daire,10300000,"Suadiye, Kadıköy",4+1,165 m²
909,Göztepe Kadıköy Bağdat Cad Satılık Dükkan,7295000,"Fenerbahçe, Kadıköy",2+1,82 m²
910,SUADİYEDE İÇİ TAMAMEN YENİLENMİŞ 120M2 NETİ OLAN 3+1,10300000,"Suadiye, Kadıköy",4+1,165 m²
911,Koşuyolu Merkezi Konumda 465 m2 4+2 Satılık Müstakil Bina,290000000,"Fenerbahçe, Kadıköy",,2987 m²
912,KOZYATAĞINDA İÇİ TAMAMEN YENİLENMİŞ 3+1 100M2 NETİ OLAN,12000000,"19 Mayıs, Kadıköy",1+1,180 m²
913,SAHRAİCEDİTTE AZ KATLI BİNADA YÜSEK GİRİŞ 2+1 KOMBİLİ  FIRSAT,5975000,"Suadiye, Kadıköy",2+1,95 m²
914,,13950000,"Zühtüpaşa, Kadıköy",,212 m²
915,Sea View 3+1 Investment in Kadıköy *TURKISH CITIZENSHIP,3750000,"Caferağa, Kadıköy",2+1,100 m²
916,,21500000,"Caddebostan, Kadıköy",4+2,300 m²
917,SUADİYE MERKEZDE YENİ BİNADA SATILIK 1+1,8975000,"Suadiye, Kadıköy",3+1,130 m²
918,ACIBADEM CADDESİ ÜZERİNDE SATILIK DAİRE,7395000,"Erenköy, Kadıköy",3+1,165 m²
919,KADIKÖY BAHARİYE CADDESİ'NE YAKIN SATILIK 1+1 DAİRE,6650000,"Göztepe, Kadıköy",3+1,150 m²
920,"MODERN TASARIMI ,KALİTESİ VE KONUMUYLA EŞSİZ DAİRE..",4200000,"Koşuyolu, Kadıköy",,125 m²
921,KOŞUYOLU İBRAHİMAĞA HARİKA LOKASYON EMSALSİZ DÜKKAN,7000000,"Caferağa, Kadıköy",3+1,140 m²
922,CENTURY 21.SAHRA'DAN MARMARAYA YAKIN İÇİ YAPILI 2+1,5250000,"Göztepe, Kadıköy",1+1,117 m²
923,CADDEBOSTAN BAĞDAT CADDESİ ÜZERİNDE KİRACILI 200 M2 DÜKKAN,6280000,"Bostancı, Kadıköy",3+1,190 m²
924,Çiftehavuzlar Bağdat Caddesi 1. Paralel Sokak Satılık,5450000,"Zühtüpaşa, Kadıköy",3+1,120 m²
925,Suadiye Bağdat Caddesi 2. Bina 4+1 Satılık Daire,240000000,"Kozyatağı, Kadıköy",,4172 m²
926,FENERYOLUNDA TREN -MİNİBÜS ARASINDA KİRACILI KOMBİLİ,9950000,"Bostancı, Kadıköy",4+1,160 m²
927,KADIKÖY KOZYATAĞI DUBLEKS,20000000,"Fenerbahçe, Kadıköy",4+2,230 m²
928,FENERYOLU BAĞDAT CADDESİNDE KİRACILI 30 M2 DÜKKAN,13200000,"Suadiye, Kadıköy",4+2,230 m²
929,KOZYATAĞI E-5 GİRİŞİNDE 5200 M2 KOMPLE BİNA,10300000,"Suadiye, Kadıköy",4+1,165 m²
930,DALYAN DR.FARUK AYANOĞLU CADDESİ GİRİŞİNDE 15 M2 DÜKKAN,7295000,"Fenerbahçe, Kadıköy",2+1,82 m²
931,FENERYOLU BAĞDAT CADDESİNDE 70 M2 DÜKKAN,10300000,"Suadiye, Kadıköy",4+1,165 m²
932,SELAMİÇEŞME BAĞDAT CADDESİ ÜZERİ 160m2 İSKANLI 3.KAT SATILIK 3+1,290000000,"Fenerbahçe, Kadıköy",,2987 m²
933,SELAMİÇEŞME IŞIKLAR'DA 3.KAT İSKANLI BALKONLU 160m2 SATILIK 3+1,12000000,"19 Mayıs, Kadıköy",1+1,180 m²
934,RESİM' DEN ŞUA ELİT CONCEPT 2+1 137 M2 BALKONLU KAPALI MUTFAK,5975000,"Suadiye, Kadıköy",2+1,95 m²
935,DİNAMİK'TEN SUADİYE'DE MİNİBÜS YOLU ÜZERİNDE 3+1 SATILIK DAİRE,13950000,"Zühtüpaşa, Kadıköy",,212 m²
936,ŞENESENEVLERDE KATTA TEK165M2 NET 3+1 İÇİ TAMAMEN YENİLENMİŞ,3750000,"Caferağa, Kadıköy",2+1,100 m²
937,3 Months to Key Delivery *Available for TURKISH CITIZENSHIP,21500000,"Caddebostan, Kadıköy",4+2,300 m²
938,FİKİRTEPE DE HARİKA KONUMDA TİCARİ ADA DA SÜPER YATIRIMLIK ARSA,8975000,"Suadiye, Kadıköy",3+1,130 m²
939,RESİM'DEN YENİTEPE KADIKÖY'DE 1+1 PEYZAJ CEPHELİ SATILIK DAİRE,7395000,"Erenköy, Kadıköy",3+1,165 m²
940,Kızıltoprak Fenerbahçe Stat Karşısı Marmaray Metrobüs Yakın,6650000,"Göztepe, Kadıköy",3+1,150 m²
941,BOŞ ..19 MAYIS MAHALLESİNDE KOMBİLİ 85 M2 NET ÖNÜ AÇIK 2+1 DAİRE,4200000,"Koşuyolu, Kadıköy",,125 m²
942,,7000000,"Caferağa, Kadıköy",3+1,140 m²
943,ALKAYA'DAN SUADİYE BAĞDAT YAKININDA SATILIK 3+1 LÜKS DAİRE,5250000,"Göztepe, Kadıköy",1+1,117 m²
944,ALKAYA'DAN BAĞDAT'A ÇOK YAKIN ARA KATTA BALKONKLU  SATILIK 2+1,6280000,"Bostancı, Kadıköy",3+1,190 m²
945,ALKAYA'DAN SUADİYE HAZAN SK ÜZERİNDE SATILIK BALKONLU 1+1 DAİRE,5450000,"Zühtüpaşa, Kadıköy",3+1,120 m²
946,ALKAYA'DAN SUADİYE BAĞDAT CD 3.BİNADA SATILIK HAVUZLU 4+1 DAİRE,240000000,"Kozyatağı, Kadıköy",,4172 m²
947,ALKAYA'DAN SUADİYE VİLLA TADINDA BAHÇELİ SATILIK 1+1 DAİRE,9950000,"Bostancı, Kadıköy",4+1,160 m²
948,ALKAYA'DAN FENERBAHÇE DALYAN'DA SATILIK 125 m NET YENİ DAİRE,20000000,"Fenerbahçe, Kadıköy",4+2,230 m²
949,ALKAYA'DAN BOSTANCI METRO VE MİNİBÜS CD YAKINI SATILIK 3+1 DAİRE,13200000,"Suadiye, Kadıköy",4+2,230 m²
950,ALKAYA'DAN SUADİYE EMİNALİPAŞA CD ÜZERNDE SATILIK 3+1 LÜKS DAİRE,10300000,"Suadiye, Kadıköy",4+1,165 m²
951,ALKAYA'DAN KOZYATAĞI'NDA SATILIK BALKONLU DAİRE 110 M² NET 3+1,7295000,"Fenerbahçe, Kadıköy",2+1,82 m²
952,ALKAYA'dan SUADİYE'DE BAĞDAT'A ÇOK YAKIN 2+1 SATILIK YENİ DAİRE,10300000,"Suadiye, Kadıköy",4+1,165 m²
953,ALKAYA'DAN BOSTANCI SİTELER BÖLGESİNDE SATILIK 3+1 ARA KAT DAİRE,290000000,"Fenerbahçe, Kadıköy",,2987 m²
954,ALKAYA'DAN SUADİYE AYŞE ÇAVUŞ'DA MARMARYA 5 DK SATILIK 3+1 DAİRE,12000000,"19 Mayıs, Kadıköy",1+1,180 m²
955,ALKAYA'DAN SUADİYE BAĞDAT  YAKININDA SATILIK 3+1 LÜKS DAİRE,5975000,"Suadiye, Kadıköy",2+1,95 m²
956,ALKAYA'DAN SUADİYE AYŞE ÇAVUŞTA SATILIK 2+1 BALKONLU DAİRE,13950000,"Zühtüpaşa, Kadıköy",,212 m²
957,,3750000,"Caferağa, Kadıköy",2+1,100 m²
958,Caddebostan Ragıp Paşa Korusu Sitesi 6+1 Saunalı Bahçe Dubleks,21500000,"Caddebostan, Kadıköy",4+2,300 m²
959,ALKAYA GAYRİMEKULDEN SATILIK HAVUZLU GENİŞ SATILIK 4+1 DAİRE,8975000,"Suadiye, Kadıköy",3+1,130 m²
960,ALKAYA- ERENKÖY MERKEZİ KONUMDA BALKON 3+1 115NET SATILIK DAİRE,7395000,"Erenköy, Kadıköy",3+1,165 m²
961,ALKAYA-BAĞDAT CADDESİNE 4DK GENÇ BİNADA 3+1 SATILIK DAİRE,6650000,"Göztepe, Kadıköy",3+1,150 m²
962,ALKAYA'DAN SUADİYE'DE VİLLA TADINDA BAHÇELİ 1+1 SATILIK DAİRE,4200000,"Koşuyolu, Kadıköy",,125 m²
963,ALKAYA-EMİNALİPAŞA CAD. 2.BİNA 4 YAŞINDA 2+1 80M² SATILIK DAİRE,7000000,"Caferağa, Kadıköy",3+1,140 m²
964,ALKAYA'DAN SUADİYE'DE 2001 YAPIMI 115M² NET 3+1 SATILIK DAİRE,5250000,"Göztepe, Kadıköy",1+1,117 m²
965,ALKAYA- ERENKÖY'DE GENÇ BİNADA 4+1 140M² NET SATILIK DAİRE,6280000,"Bostancı, Kadıköy",3+1,190 m²
966,ALKAYA'DAN SUADİYE ŞAŞKINBAKKAL'DA SATILIK 3+1 DAİRE- 120 M² NET,5450000,"Zühtüpaşa, Kadıköy",3+1,120 m²
967,ALKAYA- SUADİYE ŞAŞKINDA SATILIK 105M² NET 3+1 BALKONLU DAİRE,240000000,"Kozyatağı, Kadıköy",,4172 m²
968,KOZYATAĞI Metroya Yakın Satılık 2+1 Ferah Daire,9950000,"Bostancı, Kadıköy",4+1,160 m²
969,KADIKÖY RIHTIM CAD SATILIK 88 M² ARSA,20000000,"Fenerbahçe, Kadıköy",4+2,230 m²
970,CENTURY 21.SAHRA'DAN ÇATALŞEME'DE İÇİ YAPILI 3+1 120 M2 NET,13200000,"Suadiye, Kadıköy",4+2,230 m²
971,Fenerbahçe Wyndham Otel karşısı Katta Tek Balkonlu,10300000,"Suadiye, Kadıköy",4+1,165 m²
972,KOZZY AVM İLE METRO YAKINI BALKONLU KULLANIŞLI 3 YAŞINDA 3+1 DAİ,7295000,"Fenerbahçe, Kadıköy",2+1,82 m²
973,"BOSTANCI LUNAPARK YAKINI ULAŞIMI KOLAY,YATIRIM DEĞERİ YÜKSEK 3+1",10300000,"Suadiye, Kadıköy",4+1,165 m²
974,ALKAYA YETKİLİ -SUADİYE'DE BAĞDAT'A ÇOK YAKIN 2+1 SATILIK DAİRE,290000000,"Fenerbahçe, Kadıköy",,2987 m²
975,ALKAYA- GÖZTEPEDE 4+1 KATTA TEK GENÇ BİNADA 180M² NET SATILIK,12000000,"19 Mayıs, Kadıköy",1+1,180 m²
976,KADIKÖY YATIRIMLIK DÜKKAN,5975000,"Suadiye, Kadıköy",2+1,95 m²
977,,13950000,"Zühtüpaşa, Kadıköy",,212 m²
978,,3750000,"Caferağa, Kadıköy",2+1,100 m²
979,Kadıköy Feneryolu'nda Satılık 3+1 Daire Nezih Apt Otoparklı,21500000,"Caddebostan, Kadıköy",4+2,300 m²
980,ALKAYA'DAN GÖZTEPE'DE 2+1 SATILIK DAİRE BALKONLU ÇİFT WCLİ,8975000,"Suadiye, Kadıköy",3+1,130 m²
981,Dinamik'ten Eğitim Mahallesinde Minibüs Caddesine 4.Bina Dublex,7395000,"Erenköy, Kadıköy",3+1,165 m²
982,,6650000,"Göztepe, Kadıköy",3+1,150 m²
983,ALKAYA-KALAMIŞ MARİNA 3+1 GENİŞ MUTFAKLI SATILIK DAİRE,4200000,"Koşuyolu, Kadıköy",,125 m²
984,,7000000,"Caferağa, Kadıköy",3+1,140 m²
985,Fenerbahçe Ayanoğlu Ordu Evi Caddesi Üzerinde Dükkan,5250000,"Göztepe, Kadıköy",1+1,117 m²
986,Yetkili Dinamik'ten Bussines İstanbulda 250m2 Net Hazır Kiracılı,6280000,"Bostancı, Kadıköy",3+1,190 m²
987,,5450000,"Zühtüpaşa, Kadıköy",3+1,120 m²
988,ERENKÖY DE 125M2 NETİ OLAN 3+1İÇİ TAMAMEN YENİLENMİŞ,240000000,"Kozyatağı, Kadıköy",,4172 m²
989,,9950000,"Bostancı, Kadıköy",4+1,160 m²
990,ALKAYA-EMİNALİPAŞA CADDESİNDE EMSALSİZ ARAKAT GENİŞ LUX 3+1,20000000,"Fenerbahçe, Kadıköy",4+2,230 m²
991,Fenerbahçe Deniz - Marina ve Doğa Manzaralı Yüzme Havuzlu,13200000,"Suadiye, Kadıköy",4+2,230 m²
992,KOZYATAĞI BAYER CAD.'DE 4 YAŞINDA 2+1 80 M2 YÜKSEK KİRA GETİRİLİ,10300000,"Suadiye, Kadıköy",4+1,165 m²
993,,7295000,"Fenerbahçe, Kadıköy",2+1,82 m²
994,Göztepe de Eğitim Araştırma Hastane yanı satılık 3+1 daire..,10300000,"Suadiye, Kadıköy",4+1,165 m²
995,SAHRAYICEDİT FERİT BEY SOKAKTA GENÇ BİNA SATILIK 3+1 DAİRE,290000000,"Fenerbahçe, Kadıköy",,2987 m²
996,Kadıköy Hasanpaşa'da Satılık 170 M2 4+1 Dubleks Daire,12000000,"19 Mayıs, Kadıköy",1+1,180 m²
997,Gazhane'de 3+1 Dubleks Satılık Daire,5975000,"Suadiye, Kadıköy",2+1,95 m²
998,HASANPAŞA'DA KAÇIRILMAZ FIRSAT 100 M2 DÜKKAN,13950000,"Zühtüpaşa, Kadıköy",,212 m²
999,FENERYOLU'NDA YATIRIMLIK KOMPLE YENİLENMİŞ 3+1 KÖŞE DAİRE,3750000,"Caferağa, Kadıköy",2+1,100 m²
1000,"ACIBADEM İKBALİYE'DE GENİŞ,FERAH 3+1 DAİRE",21500000,"Caddebostan, Kadıköy",4+2,300 m²
1001,WEN CADDE'DEN GÖZTEPE MİNİBÜSE 4.BİNA İSKANLI DUBLEKS 4+1,8975000,"Suadiye, Kadıköy",3+1,130 m²
1002,Residence For Sale In Istanbul Citizenship and Permit Residence,7395000,"Erenköy, Kadıköy",3+1,165 m²
1003,ALKAYA'DAN SUADİYE'DE VİLLA TADINDA BAHÇELİ 1+1 SATILIK DAİRE,6650000,"Göztepe, Kadıköy",3+1,150 m²
1004,ALKAYA ERENKÖY 4+1 GÜVENLİKLİ VE HAVUZLU RESIDENCE SATILIK DAİRE,4200000,"Koşuyolu, Kadıköy",,125 m²
1005,GÖZTEPE ÖZGÜRLÜK PARKINADA 3+1KOMBİLİ 110 M2 BİTMEK ÜZERE DAİRE,7000000,"Caferağa, Kadıköy",3+1,140 m²
1006,Kalamış'ta 3+1 Deniz Manzaralı Satılık Daire,5250000,"Göztepe, Kadıköy",1+1,117 m²
1007,KADIKÖY (Yeldeğirmeni) KARAKOLHANE CD.'de 80m2 SATILIK DÜKKAN..,6280000,"Bostancı, Kadıköy",3+1,190 m²
